Id,Predicted
1,-0.33158582160416994
2,-0.5992868109174312
3,-3886.611920000003
4,3.775747983509507
5,-0.7268105665877592
6,0.18576141488857262
7,0.16123679535877425
8,0.37730632611198295
9,6177.932780000003
10,-2.1935434791720323
11,-1.6467188154228014
12,-2.1172713389061233
13,-1132.6067900000019
14,1.237093408730137
15,-7240.932989999995
16,0.606015313633955
17,-333.29228999999964
18,-3.064361307318738
19,-2920.697089999993
20,-8979.516459999999
21,-3449.1752699999993
22,-7475.607200000029
23,0.24430200489851045
24,-3.7910665730687505
25,-0.049378563330259403
26,-0.7714531699896002
27,3.6181607540419813
28,-1.5664919048095831
29,-2507.1294200000016
30,1.6407828421172808
31,-25137.187090000007
32,-2.1238902642524606
33,0.20448019056504602
34,-1.8136648868241139
35,-0.30125065211471996
36,1.1074815276277374
37,3.4265093665568434
38,-0.24038206164763098
39,1.4461235489877267
40,-2119.1811599999987
41,-0.5959059705386833
42,-7433.339239999989
43,0.28939210845913066
44,-1902.307699999999
45,-0.9001253348776534
46,-6618.948949999956
47,3.3242292742873185
48,-7408.397530000023
49,1.7034437191699034
50,-6479.458079999969
51,-0.026716103969235353
52,-1.6906095440229632
53,-0.34501152370510324
54,4.246313238122178
55,-2.3208985930070685
56,-8500.697299999978
57,150.07086999999987
58,0.7613109788797332
59,-0.2116942111548376
60,-0.592868075347719
61,-7740.4528599999885
62,-1.9641727316825093
63,0.8566023374518061
64,-2104.1787599999952
65,4578.901120000001
66,2.3863600108262637
67,-1.0161307875987124
68,0.4589050813058079
69,0.6740059549356622
70,-29269.063959999967
71,-7527.134189999999
72,-0.12440915608037155
73,0.18005025253305593
74,-0.07905368256315136
75,1.2475791449173534
76,-0.12050608637271035
77,-1.6056367891506003
78,648.1688199999999
79,3.477678195730445
80,-0.2571296274588367
81,-1.3194730837274766
82,0.15061710942060966
83,2.0111158158750664
84,0.8884094331146796
85,1.9683083247305542
86,-23261.616400000057
87,2.1165804163704776
88,-1.13917231668787
89,1.0911192066255537
90,1.7733302727302787
91,1464.230729999998
92,-25681.83809000005
93,3.3379503301252633
94,-5047.311089999996
95,-0.4838742981392087
96,0.3669335702803683
97,-1030.6602700000012
98,0.9386622806583262
99,1.9657883914944843
100,1.060264349337074
101,-0.5063603097923299
102,-610.6711299999998
103,0.6363099370902516
104,0.61708226096157
105,0.04932611151423448
106,1.3931377952386796
107,-10755.315489999986
108,-0.024520865072325967
109,0.5577660117376732
110,-1359.4892099999997
111,-2.256312890899497
112,-2.5652766659875015
113,-0.9604650964061676
114,0.3449192874791499
115,-1.0270437533441856
116,-1.3723831750369202
117,-1.1793750775033702
118,-1.961306943277652
119,-5036.916139999991
120,0.484047687151551
121,-4654.355660000018
122,-22506.861020000048
123,-0.02977276379256359
124,-8861.39937999998
125,-0.7478661227703282
126,1.3396801253220372
127,-1195.900639999998
128,-8718.21007999998
129,-2799.1059900000055
130,0.29846443422212476
131,-11960.201010000019
132,2935.2325199999873
133,-2442.909459999996
134,1313.4402300000008
135,-880.4325500000034
136,-8271.30167
137,-2.787007682216104
138,-0.30530334118024305
139,-7250.674450000006
140,1.1090019025309141
141,-0.8187051921833663
142,-1372.6406700000007
143,-1.2787874007995825
144,-513.0376099999992
145,-0.11560981567175843
146,0.23565650984059686
147,-7091.661560000011
148,-1726.1876999999995
149,1.494995823204886
150,-20929.469850000034
151,3412.5865299999937
152,1.3508055195291508
153,-0.49528748058816824
154,-1139.680409999998
155,-1.747480583181118
156,-0.6006915476190547
157,-13940.661549999979
158,1167.092307993922
159,1.5971234488759727
160,3.3491150644471546
161,-1630.4189800000001
162,-7971.764279999989
163,0.31419375599129595
164,-0.8804581043072424
165,-11246.049109999978
166,0.7214771733826572
167,2.899744531960277
168,544.5203900000007
169,-1.6227453999087158
170,-0.7426049617504692
171,0.7591636841076016
172,0.5670646834995389
173,-4790.762720000002
174,0.6079272644301841
175,0.6983329624819505
176,-1.9124056390708974
177,1.1632319019392245
178,-5386.292329999985
179,0.03201824877695924
180,-2062.6006899999916
181,-1.1930654375895844
182,-0.2624113408368963
183,-0.22260252682121298
184,-1.697638554204557
185,-0.49109772772825583
186,-278.3611699999995
187,0.7358812781864743
188,-1.7751671082814116
189,-0.9727265586296648
190,0.9906853454306664
191,-7064.753179999996
192,-1.104904151855638
193,-2106.571189999997
194,-0.006572400217923247
195,-1484.8197899999977
196,-5015.74605
197,-1.778849572002775
198,0.38082661284218394
199,-2835.5176499999984
200,-2079.795409999992
201,0.5159957925367012
202,1.6895606560618948
203,-34906.19372999998
204,-0.9311998711478556
205,-10174.353179999987
206,-0.06665273471043086
207,0.6272739549250536
208,-0.03019783087366807
209,0.492673203822316
210,-2.422731852781717
211,2.5816917063941593
212,-0.7146262810439414
213,-26558.610470000025
214,-7581.329699999993
215,-0.7652238843422867
216,-0.7254090289481968
217,2.0298884443945897
218,0.27405000983413563
219,-0.13845254959925138
220,0.15458036913399065
221,1.2395940848433369
222,-13844.141950000021
223,-28653.517530000023
224,0.14765024853861217
225,2.5327434220998764
226,0.1695122551301552
227,1.4429526668854975
228,-207.1815799999999
229,1.5825206218109957
230,1.8561867931379339
231,-0.0993404537539227
232,-4689.65248000002
233,0.0730780456586436
234,3.2369865853128346
235,-3983.7188499999847
236,-9870.601259999981
237,-1.1274891604984145
238,-4473.255219999986
239,-0.7887471265940479
240,-0.6535644696315455
241,0.44529088778567033
242,-3207.6698599999877
243,-16872.03689000001
244,-1160.4798500000031
245,3.5063609379152103
246,-1.0219759758807792
247,0.16296594449879945
248,29.382249999999928
249,0.42797051509857376
250,-583.716599999999
251,-513.87788
252,-0.1342470597544699
253,-4797.192300000012
254,-2127.3441099999977
255,0.1719647114396126
256,-9740.42540000003
257,2.3131205241050727
258,2.6401143922054833
259,0.008237379576164681
260,-0.10631837917141715
261,-3964.428459999998
262,-0.9529371959936778
263,1.6454824517755524
264,-0.1043130445532773
265,-9850.198879999984
266,-8441.824210000006
267,-9482.209859999984
268,-1.579590315072276
269,1.7114257827361978
270,-9421.426689999964
271,0.6229073574050912
272,-893.1812299999999
273,1277.1527100000058
274,-0.14424172333643945
275,-1.0755159055008356
276,-6047.803889999995
277,1.7655993263391891
278,-0.043661029971735134
279,0.5250891826854515
280,712.4047199999989
281,170.60295000000005
282,-7769.449690000007
283,2.0295759280371475
284,-3302.000830000002
285,-8500.097020000001
286,-4137.16227000001
287,1.0604912187472202
288,-1.6067422194227055
289,2.041332352095265
290,0.0927014069346976
291,-1.1985600564656855
292,0.27791293036074194
293,0.2816254753271203
294,-1.895119506587655
295,-0.4018477648006058
296,2.587122836134513
297,0.620283634415573
298,0.35916699289051146
299,-1.4074286607046582
300,-0.20346976234722638
301,0.9804660242012556
302,-1.3871540863978018
303,0.9302055910168195
304,-13207.338360000018
305,1.966624944311923
306,2.3383895881721144
307,-6017.609360000012
308,-2.342319620909395
309,0.07342731917683207
310,-1.2086449103592738
311,0.7931646187018875
312,0.6663736146341248
313,-7186.950389999991
314,-0.21898166959497203
315,-1.764302071564933
316,-2.1676926717642155
317,-0.1507193587085669
318,3.0084306309257003
319,-1.8140126951517923
320,1.0427556521117893
321,-0.23634005156024532
322,0.42626282301255763
323,0.8905978628444121
324,-1175.3925100000015
325,1110.579360000001
326,-1.0167939723181116
327,2.7228186591102417
328,-1894.1883799999932
329,-0.8022372673998573
330,-18168.568649999997
331,-11582.811460000037
332,0.2511641409383281
333,7.2507501798462455
334,-0.26625428816060737
335,0.5411978187119305
336,-7726.577900000005
337,0.27409018893046044
338,-1.7077804837454167
339,-10277.908140000009
340,0.38181091007014206
341,-5895.585930000006
342,-262.1856600000005
343,701.8958999999986
344,0.18818057728570114
345,1.519235371487581
346,-4096.5081400000145
347,-0.11762131864533883
348,1.2148908135072758
349,-6377.569059999978
350,-1.7818356481689674
351,-0.15742611255233324
352,1.257162905598977
353,1.5166950745427052
354,0.21933075606316677
355,-621.30304
356,-3045.671670000017
357,-1.382491558388617
358,-0.12542446072590235
359,-0.24478893086544748
360,1.159557491261143
361,-1707.4945299999995
362,2.926327140015023
363,0.19962353035458963
364,-1.5589162051289076
365,-1577.84272
366,-9273.533929999987
367,-1.1286491907328158
368,-6108.581790000013
369,0.20512128996024084
370,0.4311242761144632
371,-1.4161128871348163
372,0.5101498403284764
373,-0.23261881936089598
374,-7699.270359999982
375,0.34297928837679703
376,1.3562440231510386
377,-1.989561500174943
378,-3812.129410000011
379,-5938.564930000003
380,0.8368100353523226
381,-1.4552987398558062
382,0.6870866760597045
383,174.6060500000002
384,-1.1280633361581411
385,-1.4629070133107225
386,-7235.438239999995
387,-4734.450169999992
388,-1.2985386018196496
389,0.018911108978293904
390,-1.906727244259123
391,-1.4711606552099
392,-4484.287779999976
393,0.2096510345238146
394,-14956.957679999943
395,-7229.169350000025
396,1.4439042631728107
397,39.97186000000023
398,-0.8272275783155729
399,-3732.4868999999835
400,-0.3031411549516166
401,-2.1898657624102413
402,2.142082596008344
403,-0.38288577447341937
404,1.8386214371652303
405,-2.2561133020699846
406,0.8614723333711871
407,1.0502120429761383
408,0.012697862719972693
409,2.2697620001873102
410,-0.03315798489282605
411,-0.41119012817149636
412,1.4992716655610505
413,-0.925852955085825
414,-6209.940969999994
415,-1.3800957550705901
416,-0.9024100036297871
417,0.2518272096771142
418,1.4755895174202183
419,-1.7947342268309106
420,2.8160303263356368
421,-3.5818213485435053
422,-0.9474535373375538
423,-3449.4294100000075
424,-0.7287809140514319
425,1.8979205127176557
426,0.4714524022975836
427,0.23372475041045027
428,-0.13566373819714606
429,-1.2755913804307686
430,0.2825224327663002
431,1.7773070362248098
432,-0.624310150858263
433,-0.022415360080048935
434,0.5040630391626535
435,-2907.9473500000136
436,-7214.723159999999
437,-1.104204729875108
438,-0.3375719024516888
439,-20356.85257000005
440,-314.76860999999985
441,-2.357653730398478
442,-0.2931524301164696
443,5.875156282468493
444,0.007752592030788107
445,-6570.955580000005
446,2.7168023256319653
447,0.8794088872851713
448,1.4180419389527104
449,-0.18650168848656756
450,0.2883412823409341
451,-1083.4641400000025
452,1.8502084581699887
453,-1381.7591000000018
454,-2.6946290856653152
455,0.14708363449262282
456,-1942.4945799999966
457,0.33169089747229247
458,-0.6836843970313433
459,0.7989740523666212
460,-3846.472150000006
461,-2.284753549208871
462,-1.1315754897369972
463,-3965.0184799999856
464,-12859.074219999986
465,0.3206825788977306
466,0.38649605734974085
467,1.021544768911939
468,1.2111745264746134
469,-10242.974110000014
470,-1.8029544853015718
471,0.7295338069320648
472,1.0129052384715258
473,-9037.284120000017
474,-0.8625005997935629
475,-585.3016900000003
476,3.7099809712123135
477,-0.8244918851038631
478,1.7470415515531403
479,0.6210300287805233
480,1.7092906783016428
481,0.8309943556846776
482,-11987.455679999997
483,-1.6677979435612034
484,-1.1692080898325614
485,-5318.422830000001
486,-0.41408530532961846
487,-0.967884189379776
488,0.2087682019722539
489,0.4691492035150431
490,3.31645797459059
491,-0.6420761051246943
492,0.13860491504551972
493,-7745.0149599999695
494,-4619.651350000002
495,-12229.309269999982
496,1527.0668399999956
497,0.26884690272778117
498,1.961564428924682
499,-1.845619981435706
500,0.28665491311316627
501,-10275.500119999984
502,-7277.984880000015
503,2.97955112367299
504,1039.8236500000007
505,-2.7735903079733744
506,-6285.20466
507,-2.1568327696767033
508,68.09657999999995
509,-0.9647407221327836
510,-0.12444917428335271
511,-2.514876227556977
512,-14025.695159999988
513,-2.4733174746321356
514,-0.4229116440825308
515,1.3165383187365662
516,0.22322774293180303
517,0.03313705025423503
518,-1.081850153586938
519,0.27286854698731705
520,-0.08861949496194549
521,2.022484737824555
522,-0.026940126390500065
523,-0.1360992079077552
524,-4735.158259999989
525,0.37182265635189943
526,149.59751999999955
527,-0.7434821215459299
528,3.4137822412086427
529,-1.5109935275993942
530,0.7006801334174151
531,1.5085675322172345
532,-1778.5021500000057
533,0.5576381804591035
534,-0.23189909637531078
535,-0.22737793251341468
536,1331.213940000001
537,0.03422592563889041
538,-34834.530880000006
539,-3649.226649999992
540,-0.0743842765552814
541,-2864.1151200000018
542,-131.03698999999963
543,1.0529166385864308
544,-1.6047584909889137
545,0.31603049257417554
546,0.1853229091677027
547,-1777.8463400000062
548,0.7247777688737621
549,1338.2578700000004
550,-2.7314863221586547
551,-0.9002599153887407
552,0.28533495953087296
553,2.7116683059676756
554,-0.5508044075980086
555,0.6761785994016729
556,-3586.9305300000124
557,-2.572949020632242
558,-1.3253578629885758
559,0.0360635553288811
560,-0.3766845669237892
561,-2.643158993093252
562,-222.78598000000005
563,1350.500949999997
564,-5660.106590000024
565,-15171.21368000003
566,-6637.537269999985
567,-0.17727862143465326
568,0.691693328685857
569,-0.29260457422961333
570,1.2034973484367482
571,-5107.876009999982
572,-2.8814863313142114
573,-12485.057729999953
574,0.21184419590862225
575,8097.383929999996
576,-0.9783710068196961
577,-0.2994503371645395
578,-18013.740029999986
579,0.7872188990014239
580,2.233917006610391
581,-1.195921425959167
582,-1174.5567400000016
583,-1.0697807743704912
584,-7603.7067499999985
585,-4727.640510000008
586,-4054.142999999998
587,-0.3937741725725813
588,0.24150906856908785
589,0.9542511805863017
590,-1.0767530007037152
591,-11507.942470000015
592,1.3636182033691604
593,-0.724443033527828
594,-3221.7132899999997
595,0.7089747049723931
596,-4824.208639999995
597,1351.6262500000003
598,-1.200134423488814
599,353.4419399999995
600,-11206.92631999999
601,-0.2674558309547973
602,-1.7184862996757388
603,1.2798141287668101
604,0.020400628179838343
605,-1.3321814322299044
606,2.4209246970969067
607,-0.038758902978246336
608,-2.031420672491761
609,1.1397280346419956
610,2.6650198441967508
611,-0.5390325833761874
612,1.098074687977183
613,-736.0544800000006
614,-0.02067694740254079
615,0.24000853324540086
616,-6200.384089999994
617,0.13764992750626037
618,-7066.070720000013
619,-18915.151539999973
620,-1030.31032
621,0.29950687592821135
622,1.7307570205874798
623,0.6610944138217919
624,0.8838350395437659
625,0.8656138698518485
626,1148.6164700000015
627,-226.2028599999992
628,2.3659969612120637
629,-4537.303750000006
630,-4463.127440000006
631,-2.2038435632748365
632,0.10035463795995522
633,6.711547341522584
634,-0.495198438568344
635,0.12032388615799852
636,-9896.446509999989
637,1.91669030712692
638,-7549.917080000015
639,419.6335900000005
640,1.7093697946859188
641,-22116.00258999996
642,-15276.585440000003
643,-0.33764284173950393
644,-0.4993216107072032
645,-2.5209653011209006
646,-0.1836012335726516
647,-0.08258109577626051
648,0.05595566054687498
649,-3.59651597350153
650,0.7620090495694054
651,-7.122866254910463
652,-1.2449616485338724
653,-0.7830525588832006
654,-6284.680059999976
655,-12841.704759999986
656,-31828.06618999987
657,-1.1354074405683285
658,1.412349323531128
659,-1.289381548663978
660,1.233145745868189
661,0.13041246869282544
662,1.0641189151714978
663,1062.4512199999992
664,-0.7084337437289234
665,-7499.044450000004
666,-0.8786373724566948
667,-1.5188247881518937
668,-1.2969688638503056
669,-5388.010699999993
670,-8765.88850999996
671,-11966.392069999985
672,0.6154003644705366
673,-0.933797307329186
674,-3542.761580000007
675,-0.5968830330524263
676,-1.9312233278477764
677,-0.4731548929761503
678,-7235.743400000001
679,-2.4907089134336204
680,-0.7994499287436517
681,-2.130265529388598
682,-1.1703937274012006
683,-1.1536995916297388
684,-9532.62665000002
685,-7233.657420000015
686,0.3237102346690492
687,-0.3305581378964588
688,-0.023152921369326285
689,-1.31159777588793
690,0.41137066947031126
691,-0.7668874986240118
692,-393.32739000000015
693,-31393.26073999995
694,-19753.167300000016
695,-15182.309190000009
696,211.2524699999998
697,0.597101615571014
698,1.1913193057011435
699,-0.9751899914330087
700,-1.6579735543790222
701,-1.6683855694731777
702,1.8187209842958036
703,-0.297777346896764
704,1.1776007774940198
705,-0.742620908828944
706,-2737.800599999994
707,-3090.318389999999
708,1.167078032396239
709,0.25230733599238164
710,-19353.033970000004
711,-1.1547513474184787
712,-18915.68167000001
713,-0.1512923183384955
714,1.7371279035205742
715,1.850368411964123
716,0.2424487512660779
717,-0.34263719478668786
718,-1.0739448325308654
719,-3114.920690000001
720,-0.0838369540146621
721,-0.958516233708713
722,0.01489748449164536
723,-0.7655566838690833
724,1.5040471127942416
725,-0.9295800075261396
726,-11927.477460000033
727,1.9526854498019142
728,-2.232488051975469
729,1.6679487772716077
730,-0.5718454669372418
731,-1.3453054924248926
732,0.5197661271799481
733,0.31553321737440726
734,2.0274443917046368
735,1.5066604499745133
736,-14908.661829999975
737,-1.654924388124374
738,1.5608103008647511
739,-2.8113587471354826
740,-1.0049570508939374
741,-1.8898857995769192
742,-1.8301623398176547
743,-15347.472720000053
744,-1.4096995585377312
745,2.1470853063702005
746,1.2791056384790713
747,-5217.725050000012
748,2.1753887353282244
749,0.07812707141595314
750,-0.7693378167834609
751,1.1023707203649116
752,-7046.374640000009
753,-1826.3440500000015
754,-0.8010484565927461
755,2.2642418482652302
756,-2.8439137096536773
757,960.7643800000006
758,-0.4462645348339252
759,1.2258796695024834
760,2.5795312315331653
761,-1.2593809609639568
762,-2.030778927147056
763,-0.3714706176603608
764,-2.3724569821879853
765,-1.0354905879802019
766,0.04313556723515459
767,3.2431349908603555
768,-1.69401983690741
769,-8919.00434999998
770,-0.5663819023690119
771,-0.7359192915446661
772,-11856.727250000004
773,0.04802965761699636
774,-1578.1514600000014
775,-7918.773479999972
776,1.1393760647552478
777,-5176.733800000007
778,1.4007471510692289
779,-0.8848540431340497
780,-1.8558127517819771
781,-1.4271920477921243
782,0.7972338756246172
783,-0.12038422674801832
784,-3.3689918339403304
785,233.23501000000024
786,0.13544065384108445
787,0.30392091476646516
788,-3.646280591153426
789,0.06552950262513631
790,2.183733525619538
791,-17209.45530000006
792,-2.555275101090636
793,-0.938294097639251
794,-0.5415516948498956
795,0.40747981086126006
796,-9787.855320000008
797,-7316.373510000003
798,1.102850870116873
799,8.261929533481117
800,2.7755337440727543
801,-4296.195810000002
802,-1.4458092245229335
803,401.44831999999934
804,-1.8670674699797443
805,-0.07074076796719635
806,-17612.616370000054
807,-1.0613266547383975
808,-0.6088271432068912
809,-0.2675979196005499
810,0.8137381565777617
811,-8569.705340000015
812,0.8472267962500418
813,3.591571579947306
814,-21214.32387000006
815,788.4241800000016
816,-2466.5897999999993
817,-0.9927820361430452
818,1.376357036168264
819,-18890.623239999997
820,-0.4166603948268385
821,2.4373093056183355
822,-21282.301230000066
823,-0.8869625158871911
824,-0.6047715866191516
825,-1.057706023825808
826,-34368.97034999989
827,-1.920153372949929
828,0.9213107505120187
829,-1.180408159991232
830,-0.5536429820587118
831,-723.5676
832,-0.7280133658765756
833,-2.4199482097429104
834,1.2169793587728885
835,1.5352593414168598
836,2.0271160152390273
837,2944.95369
838,-1.0725062062543116
839,-13147.812240000017
840,-1.0098521798685187
841,3.2090550406508394
842,-0.3671977138067659
843,1.6654383812188878
844,0.6737417632082989
845,-1.1310666452259481
846,-2315.3123400000004
847,-0.7448563305807139
848,-1.50869172651104
849,-0.29505848179095656
850,1.0780754255820557
851,-2.489536245225414
852,0.28904179735592983
853,0.2159874805571387
854,0.08136964009499935
855,-18794.490859999965
856,-2813.4253900000053
857,-11.948289999999837
858,-10393.193689999976
859,-0.24322494894935162
860,-7031.837230000012
861,0.5433011235883796
862,-0.650005596024853
863,-0.625037337569102
864,0.5551662172182478
865,0.25628198459558277
866,-7846.795610000025
867,-1.171146355487223
868,-1.0961049995652965
869,0.43854965365336146
870,-522.0991899999991
871,1.520773893037313
872,-1.6922496322408904
873,-1.7607018801350403
874,-0.07909236937253132
875,0.29346244460191384
876,-0.7235614696848095
877,-0.9578608105965939
878,-0.39763698898555616
879,0.8477594183609023
880,-0.9333998770156321
881,1.646699168467792
882,-0.05095310133028864
883,-3168.7896800000044
884,-10085.617379999989
885,-824.2168699999999
886,1372.1425400000028
887,-11959.349489999968
888,-430.38999000000047
889,-59.03281000000001
890,-1.2357081808047365
891,1.4876263731319437
892,-5340.876070000015
893,-1.6346851059772132
894,-6498.854500000018
895,-0.42152096846275766
896,-0.895393854041638
897,-0.4274017029232395
898,-3403.0690700000014
899,-0.6274712636019887
900,-4298.311950000007
901,-4277.20968000001
902,-1.4767353315475855
903,0.872250271266621
904,-2.191630088016453
905,2.1493227538747575
906,-0.26820635681763666
907,-1.4789738339313558
908,-2444.35005
909,-0.583527283811563
910,0.12278633233730182
911,-1.5780786607847592
912,-8414.366849999997
913,-0.5017748038831611
914,-0.006811335288379725
915,3.4876664153608368
916,-2910.0143899999994
917,1.2017861536101924
918,0.43762776317551344
919,1.0825501787331138
920,-17244.55628000002
921,396.479859999999
922,0.583403954934789
923,-8588.513770000018
924,-2.6474553737089614
925,-0.7918137238376836
926,-0.03198741735301354
927,1260.6073500000002
928,-7148.420429999999
929,0.3205823542553787
930,-3537.425830000004
931,-15408.98571999999
932,-0.2165656698227942
933,-0.8218319351698842
934,-22858.365980000068
935,-6673.162080000006
936,-3353.001219999991
937,-6580.475550000002
938,-0.464814987017324
939,0.5739678340649196
940,-7225.5099800000025
941,1.14700185119895
942,-9967.913469999989
943,-7271.046530000025
944,0.6891701212173492
945,1.0275340336537861
946,-0.659310087724087
947,-2670.208679999998
948,-2.4503727733612277
949,-15379.056690000012
950,-0.2779386552469155
951,-0.3308022823087866
952,1.0612086767617706
953,-0.38516281839085004
954,-15428.87026000005
955,2.2168811658871244
956,-0.7251109217062531
957,0.09959689576333684
958,-1.5091421396811724
959,-0.5371985448125016
960,0.05956477702443096
961,-0.9751467941533074
962,0.6287664842278049
963,-0.5273952207922178
964,1.5829537023601155
965,0.9133514263228605
966,-0.5838911134410546
967,733.518059999998
968,0.5579074555739162
969,-19898.482439999985
970,-1.6095925409282992
971,-1.8910439809198791
972,0.1778431164778444
973,0.5774066507886279
974,1.0980821720826857
975,-2922.377670000004
976,-0.7086214963383093
977,-0.06062115371687854
978,-0.3722727453929742
979,-20944.04195
980,-4319.703789999992
981,0.05837505229377964
982,-5222.754359999984
983,-0.16030547568976733
984,1.7176586925553077
985,-2.10827660506215
986,-2.019016201710093
987,-12227.539729999928
988,210.98550000000006
989,-1.2080186732729665
990,1.37462734264731
991,4.767187823219896
992,-18766.28489999995
993,3.4661665937475727
994,-0.14429718688413123
995,-2.324918091194125
996,-0.9127962975874904
997,0.7728146296327033
998,0.3368790679020133
999,1.1758426357187768
1000,1.4158976260556055
1001,-0.8617562505195377
1002,-5717.351299999988
1003,6080.430490000016
1004,-0.5329526115507324
1005,-0.014492206188900352
1006,-0.1387084430066229
1007,-0.0730355005340606
1008,-2269.832990000001
1009,-2.0811056219584367
1010,0.11698896408639178
1011,0.43540643400650875
1012,0.34388506428245186
1013,0.2622120370031333
1014,-6092.08108999998
1015,-0.017735518801206426
1016,-0.35164849219462274
1017,-0.19665637653562343
1018,-0.017951434417256933
1019,0.3528379014677204
1020,1.0890029940430415
1021,-0.5525948443357076
1022,-0.4042541858002402
1023,-0.012578677293737822
1024,0.09689064508927982
1025,1.972085359679753
1026,-0.5846634863187374
1027,-2.0789255329078453
1028,0.850707740931812
1029,968.2653299999952
1030,-0.15327937808528072
1031,0.1730479495909574
1032,0.22141426002998355
1033,-21587.477700000018
1034,0.561469528280517
1035,1153.8453700000027
1036,-2.3118921911135484
1037,0.5139342801407678
1038,-0.013277539948083974
1039,-13264.410989999997
1040,-1.1668803684865694
1041,-17344.676790000027
1042,-0.6873755853732897
1043,0.0953130951327022
1044,-15492.508160000045
1045,707.0807800000005
1046,-1.4929560750563136
1047,-7657.42026
1048,0.5858800234072015
1049,-1.6162290604247673
1050,-1.3068261781422175
1051,-51.59855000000004
1052,-9896.58988000001
1053,-0.09328753237528135
1054,-0.6323982617676194
1055,1.8186978318447111
1056,1.122868661965803
1057,-0.7507737295435568
1058,-1354.547660000003
1059,0.0746349893021857
1060,1.6996467006149494
1061,-0.027057325035381732
1062,544.8298599999994
1063,-2822.8085799999976
1064,1.294792749834068
1065,-1.529850267811577
1066,0.05312115077408634
1067,-4046.1127300000107
1068,0.13735948822248972
1069,-0.9822329182900834
1070,-0.9045473111229205
1071,-0.4289733450625593
1072,0.02703640731666305
1073,-3.2362776181944564
1074,-5475.8084099999905
1075,-1.5228293929647292
1076,1.4883822721450515
1077,-9547.053369999996
1078,3.1394923896766382
1079,-1.0894638106568444
1080,-669.8394200000009
1081,0.9829987618989272
1082,-0.05322478322507387
1083,0.6259391691301618
1084,0.31158591691471116
1085,1.0569855817350136
1086,-10826.879519999991
1087,-0.3554748017718838
1088,2.791332256730445
1089,1.8117910301692601
1090,-1417.1191999999999
1091,-0.32391890852723587
1092,1709.9079399999953
1093,-1.406576007109368
1094,271.3920999999998
1095,0.4988283407343819
1096,0.21931232627801645
1097,-1.505814462644558
1098,524.4208899999996
1099,0.5042954505192538
1100,-0.3561227037082561
1101,-0.38362226364800395
1102,0.19985552116702593
1103,-15343.29886000007
1104,-0.9280799062696711
1105,2.103008176169351
1106,-10809.117170000005
1107,-4359.8535800000045
1108,0.42329947058093864
1109,-0.9106034792768251
1110,-2.0032947425177747
1111,-0.37683005748987064
1112,-7386.0433399999965
1113,-8945.814900000007
1114,-4069.916930000004
1115,-1.5330207721546147
1116,-0.3041519527956576
1117,1.4008709085334976
1118,0.9925206215659076
1119,-905.0926999999994
1120,-0.009237720141329574
1121,-18083.869899999998
1122,-0.5224412514217143
1123,-0.35887786811595046
1124,-3500.337670000005
1125,-2612.034179999995
1126,0.046804008536850336
1127,2.561053666241515
1128,-7214.9580700000115
1129,0.1733730377375381
1130,2.0974703671487425
1131,1.0667103167012821
1132,-0.6857052085407667
1133,-0.5121314537258708
1134,-0.29434737687481116
1135,-0.9496287854655906
1136,0.6573829982168674
1137,1.3167597736443002
1138,-11571.524120000047
1139,-6028.531930000005
1140,-1544.2319100000007
1141,1.4753560827418195
1142,-3053.835670000004
1143,8.530874582429181
1144,-0.44408855211771264
1145,-1.3358841169162654
1146,0.8343083005898367
1147,-0.09466196310550185
1148,1.8028511101522182
1149,1.4132380104303661
1150,-1.063104390329541
1151,-1059.4005700000014
1152,0.05371241224316352
1153,-0.5948796828578032
1154,0.3645672861413184
1155,1184.3468500000026
1156,1.0504243684838916
1157,1.115365705271468
1158,0.6276094531577249
1159,-0.48839754131102925
1160,-0.60502663687506
1161,-10824.050200000005
1162,-3382.3341700000014
1163,-0.9222419980560488
1164,-0.7416141200836881
1165,-0.5199204768575368
1166,-2395.0586499999986
1167,1.2114422735314223
1168,2.3744512145415047
1169,-3946.1741399999923
1170,0.38001384491061535
1171,-1.3246037815700542
1172,-5450.78987
1173,0.13606652050711993
1174,1735.325820000002
1175,-0.5183719594897495
1176,-0.5064503661101292
1177,-23922.348510000018
1178,-6453.708369999997
1179,-15228.641850000038
1180,-4248.054720000017
1181,937.3594599999956
1182,-1.868398707502616
1183,-3108.098300000007
1184,-0.16662073891745155
1185,-4867.974540000002
1186,-1.303128760698623
1187,-0.24393103789448503
1188,-14554.42981000001
1189,1.1491707158257078
1190,0.8688171697621745
1191,-7068.990980000027
1192,0.7111618739614128
1193,0.5477617022098554
1194,1.2451832575696586
1195,-1.7109229504884564
1196,-4547.820790000002
1197,1.5304300745993928
1198,0.35535847441993745
1199,-2972.087839999996
1200,-1358.2093399999997
1201,0.5221936756128693
1202,-448.95654000000087
1203,-1.5855460346715962
1204,-5483.455279999999
1205,-4.031300273773137
1206,120.21034999999989
1207,0.7915374988196218
1208,-0.7460107954088153
1209,-1.5563645802772315
1210,0.2872802445114786
1211,-2542.178910000001
1212,-1.495111259486816
1213,1.9416609158730194
1214,0.2875946324374005
1215,0.5779248894758648
1216,-18312.292119999987
1217,-2119.698189999993
1218,-850.5203599999985
1219,0.7941320619391473
1220,-0.5893811953128748
1221,-1.080400448361868
1222,-408.8408000000002
1223,-91.78716999999963
1224,-3360.028620000015
1225,-2.8608040697180597
1226,-10671.595849999994
1227,-2.9229560704002817
1228,-17000.191690000047
1229,1373.0552600000033
1230,998.3852200000002
1231,0.12280317942589204
1232,-0.02622587091570453
1233,1.5014161609788006
1234,-3221.3157800000017
1235,0.45076637693231303
1236,1.2783686779900625
1237,-0.1583047458509378
1238,-1.007004909322375
1239,-2.48630444411826
1240,277.9040799999998
1241,-0.626722708519992
1242,-0.5599456250768968
1243,-0.8606668955586347
1244,-0.5342074240791441
1245,1.3136003963620069
1246,-2.3276166874994995
1247,-1.2263024251071268
1248,0.8053145529276112
1249,2.3274592374744105
1250,-2634.147189999996
1251,-15080.356440000045
1252,-0.048881497265078185
1253,1.7321311450495103
1254,-0.33107266894920795
1255,-2.2426802285123255
1256,101.57769000000023
1257,1.3240914777814141
1258,-11907.050030000039
1259,-23713.363500000047
1260,-27049.332280000082
1261,-5153.754509999992
1262,-0.7535748462850635
1263,-26455.75759000005
1264,-0.10659457075782425
1265,1.6179366517840397
1266,-2503.4142199999906
1267,-1.1197611511434624
1268,2.6439069828364214
1269,-0.0021924474821897063
1270,423.3520799999997
1271,0.702138203663936
1272,-0.030525319331527193
1273,1.514397426410382
1274,-16704.454289999987
1275,0.8625058481828504
1276,-208.67161000000036
1277,-0.41762653593206833
1278,-0.10032294851046375
1279,-7174.53757000001
1280,1.1773947022094104
1281,1.4305253227179993
1282,-13274.308480000047
1283,-0.18046278447341146
1284,-0.6841093473269418
1285,0.04070922374162994
1286,-2.111759899568868
1287,-7750.61614
1288,-1.1034224608568088
1289,-1.3532713807665984
1290,-1.2232555704520107
1291,-1821.3594499999983
1292,-1.0023124384786373
1293,-0.6835972424475508
1294,-0.5374069204513152
1295,-1.4304900606357183
1296,-0.4784717403271378
1297,-0.1767242148190321
1298,1.0771972548375448
1299,-4366.30212000001
1300,-2688.055319999993
1301,-4320.198740000018
1302,-2.346397480999931
1303,-0.34756910859230955
1304,-2.2343694301068187
1305,-1.4609847449897653
1306,1.688512491640186
1307,0.8567484737188875
1308,1.7940278000347656
1309,0.31951679295675994
1310,1.5145774267105252
1311,-1.4398696686057317
1312,199.1845251016337
1313,-21270.33966000003
1314,-0.4535637048299384
1315,-1080.8752000000034
1316,2.3716008636915835
1317,-2.053368065772264
1318,-16605.540960000086
1319,1.3471156642084299
1320,-1.192610684460289
1321,-23672.038150000026
1322,0.4164352693025386
1323,-1.7359599780042454
1324,-1.9624554369093206
1325,-0.6666803188610669
1326,-0.7424279560673673
1327,1.2759931962396474
1328,-2639.0748699999954
1329,0.5454722745042073
1330,-0.5840217455842699
1331,0.09825928271779419
1332,1.6710377103266434
1333,2.1444896426340665
1334,-0.35758732713541647
1335,0.6501407953919542
1336,0.5373150576938505
1337,-5937.005899999993
1338,1.2494086753285443
1339,0.4357211269896848
1340,0.7708364462263447
1341,-0.2580129599348942
1342,0.33034929625268544
1343,-12129.535619999991
1344,-1.1372885921281994
1345,-12013.554950000003
1346,-0.5367859828109406
1347,-0.8397562142173203
1348,-0.3017551425165024
1349,-7603.195639999984
1350,0.56797310930848
1351,-1.197718229578812
1352,-16520.367230000033
1353,-1.7902171266041964
1354,57.042500126225335
1355,-313.6337000000001
1356,-1.2239004289467696
1357,477.43264000000005
1358,-14116.821490000011
1359,-0.9554333844571183
1360,-12320.993139999995
1361,0.28530743472666437
1362,-2803.8123099999975
1363,-0.2978692398381345
1364,1.0045618640157985
1365,-0.8592494182937562
1366,-12442.19280999992
1367,-0.004582376597085971
1368,-2.3653524578796863
1369,-2.3039510076723255
1370,-1299.320199999999
1371,-6110.2665599999855
1372,-5083.853139999997
1373,1.3450185204632064
1374,0.02356914652444353
1375,-0.07963821342074155
1376,0.40202779748132095
1377,-0.703268967106651
1378,-12204.696859999965
1379,979.580990000002
1380,-1.0622819077193613
1381,0.0691579393075122
1382,-3080.906109999998
1383,0.32912397668329557
1384,-0.35871037001794986
1385,-1.575141038849458
1386,0.8912629846217983
1387,-2626.918670000002
1388,-7735.141720000004
1389,1.4343918051939342
1390,0.5800216219567164
1391,-6737.892379999999
1392,-0.6860847815275017
1393,0.5038388411146759
1394,-0.41863875052653254
1395,-1.8071469715857151
1396,-1.4752581660039692
1397,2.403286943926246
1398,1.3558292931323321
1399,-0.031078567304979158
1400,0.8822088200398799
1401,1481.6894699999968
1402,-1.9904042471126717
1403,-3029.0926999999974
1404,-0.15356364970718364
1405,2.901962769783257
1406,188.48448000000013
1407,1.8454752674108585
1408,-1.1832296932945472
1409,-0.6624735801085849
1410,-8890.07748000001
1411,1.0854136698459362
1412,-0.3469130654304214
1413,-2306.1056799999988
1414,0.2577848795166725
1415,-3.1402308073115877
1416,0.12812717303558716
1417,-3763.5559200000066
1418,-1.342285097184273
1419,-2457.1548899999952
1420,-0.9873933228107926
1421,-0.2878683541016913
1422,1.06893824323671
1423,2298.7516299999947
1424,-1235.8138200000024
1425,327.46180999999984
1426,0.04589980643843703
1427,-3191.510850000007
1428,-1.8062657653310252
1429,1189.0689900000027
1430,-3422.7756300000096
1431,0.284103121584709
1432,-1.72821206925304
1433,-0.15342699486994185
1434,1.7257672333777418
1435,-10609.61660999999
1436,-20523.24853999999
1437,-0.6015034482339662
1438,-3643.5856100000055
1439,-4989.853850000001
1440,-1.119411595674692
1441,-8712.12352999998
1442,0.7520025906623894
1443,-0.06252670984239588
1444,1.1180080166437958
1445,-0.23156150966420747
1446,0.4055986151755014
1447,-0.3079866710192456
1448,-0.28939920614068737
1449,-0.10457065745528749
1450,2.2393678682060183
1451,-2.5513540582677923
1452,2.0986736007678237
1453,-1239.5573400000007
1454,-3142.1396499999987
1455,-3.4464904878187093
1456,-2701.9998999999993
1457,1.2440322744259702
1458,0.6953409096168145
1459,1.3755632479930286
1460,-5243.501109999997
1461,1.251599392307222
1462,1.3215060199266717
1463,-0.3658552959096872
1464,-0.6681274263078809
1465,-1.1627984836662442
1466,0.08331441229214588
1467,-4985.961370000007
1468,-4014.5237900000084
1469,-1155.6849899999986
1470,1.4456582701044192
1471,-6672.186169999996
1472,-0.8971774492378997
1473,-0.8208346699294622
1474,0.7572196766579458
1475,-1.3639629893034082
1476,-3156.473949999994
1477,-5111.666210000003
1478,0.3005505465308224
1479,-1.5973511961972886
1480,-1.523470235315328
1481,-2.096165081879901
1482,1.2023980620604606
1483,-1777.9395199999994
1484,0.4098313170765164
1485,-0.6622087329452316
1486,1.2774447785726843
1487,-8380.491109999977
1488,1.0748509670449014
1489,0.2785827470587247
1490,-7729.346750000001
1491,-2.1679637986072224
1492,-4102.603130000011
1493,-0.5749950066573725
1494,-1.8172324835486127
1495,-554.19905
1496,-12130.676609999979
1497,-626.57902
1498,-0.9377588391712223
1499,-10432.709459999996
1500,130.19789
1501,-6419.483180000021
1502,-2.037846644081556
1503,0.25775178329403586
1504,-0.19082983004012913
1505,1.5416954486185033
1506,-6169.8130500000025
1507,-3.462351023148581
1508,-866.7503300000011
1509,475.09308999999917
1510,-574.9111799999996
1511,1.5152425075615021
1512,-2.308667512638836
1513,-0.783806471604518
1514,1.1370405788561875
1515,2.4565406130471854
1516,2.053448306706786
1517,-1.0460391140824783
1518,-1.1757122538678493
1519,-0.12842902403332085
1520,1.0197977431059468
1521,-2612.641520000004
1522,-0.1587665783578608
1523,1595.7717899999989
1524,-0.8892031549514701
1525,-14221.08569999998
1526,-1275.40451
1527,0.2343138551542201
1528,643.8080100000003
1529,1.2405321452698153
1530,-0.12082700521288833
1531,313.75939999999997
1532,-0.8785119613288572
1533,-0.40718147666034954
1534,-0.34116418998539294
1535,-0.15121327520760705
1536,-6819.599640000002
1537,92.48382999999994
1538,-0.31009251104502245
1539,69.0949799999998
1540,-2.2153895360029754
1541,-5773.861769999986
1542,-4891.159270000007
1543,-1.7190717482269857
1544,0.796338533692693
1545,-1.0079205826039828
1546,-29306.096400000013
1547,0.04082283839628454
1548,-1.1598789410596244
1549,1.4924443643850456
1550,-0.13052411138955033
1551,-8730.491969999977
1552,0.06047237744063975
1553,-3169.398450000003
1554,-18499.703679999977
1555,-1402.4847600000028
1556,-0.2426208844871254
1557,1.6832976937156237
1558,-30280.763890000017
1559,1.399445394887204
1560,3.6930111065693025
1561,1.6746041289017637
1562,-0.7592881270841281
1563,0.04012217263004518
1564,0.8630257651453633
1565,-1.400604385418306
1566,-0.3993100259198946
1567,0.9472152681105809
1568,-0.8337502018025141
1569,2.5003740126659877
1570,1.4407931254314743
1571,-3988.8235100000034
1572,-13381.030179999992
1573,-4955.519030000003
1574,0.7108691340030722
1575,-2.066499567025533
1576,0.12203557311980873
1577,0.9628365343929249
1578,-1.1184383779293297
1579,0.21227409171027695
1580,-8377.21731000003
1581,-1.7758253791133747
1582,-2.403048619220731
1583,0.3830411806031212
1584,-1.940647692462429
1585,-1.2063420618672296
1586,-6743.267540000002
1587,0.7392793349292245
1588,0.707805928525381
1589,-0.47871362488827873
1590,-3997.519510000001
1591,-1.3412297302253324
1592,-0.7187932575671989
1593,-12358.794899999932
1594,-20087.22657000002
1595,-0.5547856600044211
1596,-8840.197389999996
1597,-0.2630596455390677
1598,-5680.397559999998
1599,-1137.011530000002
1600,0.0664099208649681
1601,0.25860328987016584
1602,-4315.776019999987
1603,-2.1744882110962385
1604,0.1302813768858596
1605,-0.5793235242315329
1606,-0.13904277105452117
1607,-5.2408202320964
1608,1.375540602210114
1609,0.873967351276683
1610,0.045957595909033984
1611,-12679.038260000038
1612,-1.536447437421344
1613,-5109.740440000007
1614,-3057.3434100000127
1615,4533.570389999992
1616,-0.32970297973646234
1617,-0.31080051657026253
1618,-17591.781390000044
1619,0.7256893278463136
1620,0.7201077710937452
1621,-22652.625419999957
1622,0.11242577471617773
1623,-532.0688699999997
1624,-2.4059541011719103
1625,-1345.4001300000004
1626,-0.781195029567879
1627,1.017311228566031
1628,-1738.2015399999952
1629,-13606.018180000035
1630,-0.32602381614858456
1631,0.6585259263900983
1632,-0.15225004773053746
1633,1.7036435429012007
1634,-0.0469908123415015
1635,-26876.817050000085
1636,1.4754502596088783
1637,1.7064468895289888
1638,-5795.021070000001
1639,-0.5137377209176921
1640,-15199.617880000078
1641,-4360.829110000012
1642,0.22381721419544165
1643,-0.25978640757129867
1644,3464.108399999995
1645,-0.9152912033372782
1646,-0.9193174655068334
1647,2.7998733936586033
1648,-1.5811753632186734
1649,0.2903225213946224
1650,0.10050354059151216
1651,-5385.403139999998
1652,-15366.761300000006
1653,-4213.0559800000065
1654,-12727.633480000053
1655,1.6486884920936264
1656,1.64521849387681
1657,0.7745449797656373
1658,-2.341818865326193
1659,-1.2341025775301113
1660,-0.9015949801434116
1661,-1.0882269985197648
1662,0.5287451180637008
1663,-0.3550815708341575
1664,1.8656685254352683
1665,0.9351640939470529
1666,-11771.668339999991
1667,-16500.469170000008
1668,2.1229246244809867
1669,-1.4643613559978674
1670,-1.2079159265434949
1671,-1568.693989999996
1672,-6393.040609999982
1673,-5581.373299999991
1674,-1423.4132899999993
1675,2.6435640661718014
1676,0.4901700891475359
1677,-102.4822099999997
1678,1.7439896130515422
1679,-13679.778320000021
1680,-0.18008243738165106
1681,0.018926185225302795
1682,2.141452826141971
1683,1.688199911812897
1684,0.5097422028570068
1685,-1.3111423631838635
1686,-0.48740496374531167
1687,-0.4237091882391939
1688,0.2712668595549431
1689,-0.9922899004090037
1690,1.6408589976546413
1691,0.5668323640016543
1692,-3250.7570500000033
1693,1.0377330647852756
1694,-7241.375179999996
1695,-801.634940000001
1696,1.8545581152127797
1697,4086.8499700000143
1698,1.7842312652814687
1699,-0.286748249599627
1700,-2245.360120000002
1701,0.980111857965053
1702,0.04427448565544973
1703,-5510.392990000013
1704,0.006489952586042309
1705,1.1872587711374019
1706,-34940.92418
1707,1.2116217753622618
1708,-2164.1255000000037
1709,-0.3901363477696311
1710,0.997258798307608
1711,-3197.300810000009
1712,1.0134244763376503
1713,-0.2567870811453138
1714,0.595086499700222
1715,-3037.713869999998
1716,-0.6312157736117769
1717,-9275.983890000001
1718,-6301.505430000002
1719,-0.9624435738888094
1720,-0.3064313410360558
1721,-3310.410720000001
1722,-0.5041830876073798
1723,-1232.4310700000003
1724,-18098.465689999983
1725,-4455.755550000011
1726,-0.6425921977209317
1727,0.02586394355422399
1728,-1.0359755114692115
1729,0.6953584188266566
1730,0.5418060390238558
1731,-1.5184516997469577
1732,1439.2014799999993
1733,-1.3970997390097128
1734,1.7186019915993815
1735,-0.8518799429922275
1736,-23726.427950000023
1737,0.2283659034224553
1738,3.223988864276886
1739,0.5668732423094079
1740,1.2643095485084024
1741,0.9017227594250027
1742,-3485.891280000002
1743,121.54061999999924
1744,630.6011599999994
1745,-0.5489095321349345
1746,-0.6323845292510515
1747,1.577272903896768
1748,-793.2807599999985
1749,-2628.766079999993
1750,-1064.4580399999995
1751,-3.1952600452089435
1752,-2.0960451043436397
1753,0.033077154956319514
1754,0.8819508368330634
1755,0.6795204838446939
1756,-1.5450563651591283
1757,-2913.6994600000053
1758,-0.8664766587432111
1759,-0.08991011835256293
1760,1.3263504326508369
1761,-3.7177258051174205
1762,-0.1116326987869507
1763,1.9479846076726919
1764,-5131.671780000004
1765,1.3279362549173916
1766,-0.5992431703112185
1767,1.429185535168605
1768,-21854.169579999998
1769,-891.8050100000007
1770,0.49535239123765523
1771,-8864.974670000007
1772,1.6000609427580905
1773,0.7672593424911301
1774,-0.33687775868617637
1775,-0.6156535295596436
1776,5.9237666090336203e-5
1777,-26937.383720000125
1778,-1.0160496417081146
1779,-0.5650086753062213
1780,-2.273843574438119
1781,-8008.949960000009
1782,-8210.075259999987
1783,-7850.765330000007
1784,-4190.738280000003
1785,-0.14665333365479277
1786,-0.37208666065871016
1787,2.0833126518365224
1788,-21497.879840000052
1789,1.2971511123110193
1790,818.1554899999996
1791,-6645.687300000007
1792,-0.22901922652490547
1793,-14474.652579999978
1794,-6640.275250000003
1795,0.3481935904518167
1796,-18961.25521000001
1797,-0.8623420634720992
1798,-5624.776609999996
1799,3.3880705597595426
1800,-4028.193600000003
1801,0.028802100394141224
1802,0.43196610751621106
1803,1.5581841407769643
1804,-2.6038561723783378
1805,0.9522739954483505
1806,-1748.2369300000003
1807,4.073007317268134
1808,1.5173091272994665
1809,-5219.457329999993
1810,-3568.064090000007
1811,-1.8851705380680728
1812,-2.074678417662942
1813,0.5704868220614938
1814,-1.143238162440276
1815,0.2967414735821936
1816,1.018890098302392
1817,-4931.11729999999
1818,-1.5508230017502045
1819,3.463768168853462
1820,313.5595800000006
1821,-1.0029916491853992
1822,-1.0489409805473882
1823,-3339.0461399999917
1824,1.777321900041437
1825,-3824.908610000003
1826,-8735.89693000001
1827,-0.5247876099979989
1828,-5682.059599999996
1829,1.19624764562221
1830,-12954.527529999976
1831,0.664949651324193
1832,2.169482164956756
1833,3755.3873599999815
1834,1.1872990414689613
1835,-1.5299978729658843
1836,3.317749920227471
1837,2.9599504976017688
1838,1.0088871850061198
1839,-33830.62026999988
1840,-1.6655376333895124
1841,-0.8162647264624672
1842,-1.1956576986640692
1843,-7651.426420000002
1844,-3089.6800799999983
1845,-0.5116744122612347
1846,2.2777478908481337
1847,-7230.89330999996
1848,0.1653036704769201
1849,0.7819063868346867
1850,-11637.392850000026
1851,1.7947702323793286
1852,-12975.91422
1853,-0.45089514263268904
1854,0.40632782270699885
1855,0.5117549721863333
1856,-1991.4211699999987
1857,-14.759289999999995
1858,-13873.77767000001
1859,-0.23622081779109644
1860,-0.026660496863613922
1861,-1.7379140561775661
1862,-0.1112936111484774
1863,-2974.153479999995
1864,0.9360771406573103
1865,-10815.597700000006
1866,-1503.4520399999994
1867,-0.3980227563738092
1868,-254.94142999999997
1869,-0.8302990989357177
1870,0.5155590137516325
1871,-1.0148742389919398
1872,1.0954018967877766
1873,-6221.433789999997
1874,-2.131969513628418
1875,-8495.766060000022
1876,0.4731511352910555
1877,0.8029017557592801
1878,-5853.526620000006
1879,-2796.5004200000008
1880,0.5261991305157451
1881,0.5620702273459848
1882,1.6726748825225861
1883,-6807.051059999987
1884,0.2070657587619315
1885,0.2251511082428985
1886,-0.17101666456244421
1887,-189.59155000000015
1888,-13538.914549999981
1889,-1.0048594041877497
1890,-2627.9981600000083
1891,-30335.344820000028
1892,-203.02974000000023
1893,-1.0878167318466427
1894,-1923.661380000007
1895,-1.2155307266912863
1896,1.626367196375061
1897,-7951.458419999988
1898,0.8930725338179573
1899,-17179.27426999999
1900,-4599.164339999992
1901,739.5520300000014
1902,-1.0736835234967514
1903,-0.13690664238223005
1904,-7641.516199999982
1905,-2164.107260000002
1906,0.2716618744513735
1907,1.2556705531304209
1908,-11007.583499999975
1909,-1.0086668572176754
1910,0.07719706362885835
1911,-5812.060649999998
1912,-0.0169763765170754
1913,0.6939005449197366
1914,2.410404580099682
1915,0.23393040474162402
1916,-16875.36325000001
1917,-1.187634359122511
1918,-2542.2722599999965
1919,-7379.418740000027
1920,-1.0178237488245114
1921,2.0544780763975377
1922,0.8360717389059582
1923,-2473.9678700000004
1924,-0.626646286258009
1925,-0.01695625919370626
1926,-1.8389209086808849
1927,-4837.311979999992
1928,1.3424815918503907
1929,-6561.291990000022
1930,-3189.927330000002
1931,-1.009517212184669
1932,-333.83389999999923
1933,0.8780742584421954
1934,-0.554262048351017
1935,3180.7525399999895
1936,-1.2683543927600522
1937,-0.3981633116818661
1938,-0.5022221019382502
1939,-7360.584079999983
1940,3.4597438876789557
1941,-5528.096500000011
1942,1.6261035292041286
1943,1.8383263242971046
1944,0.2063936868829118
1945,-3598.2191799999987
1946,-14068.90502999999
1947,1.0530243115281062
1948,-1.9179989498291279
1949,1.471479078215497
1950,1.013070831618347
1951,0.7329272030864789
1952,-3391.5200499999933
1953,-1.151032443197554
1954,-4975.566190000005
1955,-9587.683740000006
1956,-1.0647795256841992
1957,0.4976149908929372
1958,0.09758793687407889
1959,-0.03957551546607479
1960,173.45261000000005
1961,-351.5813799999999
1962,1682.68343
1963,-3.3994472883567948
1964,-1.0302893289554842
1965,0.03435657245578013
1966,-2.03579545310355
1967,0.5019484772410013
1968,-0.5386354275544458
1969,-0.044245195201089854
1970,-3945.42745
1971,-1.9362146027843947
1972,-2.6426215013990038
1973,1.0348996613890524
1974,-2.1557926219174828
1975,-4134.667299999978
1976,-13551.166610000006
1977,-13424.310740000017
1978,-2.183465706992152
1979,-1.8942218502522785
1980,0.45766425790283444
1981,-14383.559440000032
1982,1.072938860049222
1983,-35815.305889999996
1984,0.1646547087345733
1985,0.7772073726565054
1986,-0.30994145379376953
1987,2.732886120594529
1988,-0.4395323994681968
1989,-0.014437952237940819
1990,-1.1346773028612414
1991,-0.6559415810541226
1992,-2.530965887097506
1993,1.662780033298613
1994,-5833.324419999995
1995,-0.1291891260919951
1996,0.22468414252293112
1997,-1613.3699899999972
1998,0.14370672013820363
1999,0.134615222076855
2000,2.6385908955385933
2001,-2.3627467734660574
2002,-2.1007992250816487
2003,-0.7751505684836085
2004,0.5635631413141614
2005,0.2066477059740224
2006,-1.045486268842493
2007,0.4569058825848562
2008,-7157.0983999999935
2009,-2.692338531257423
2010,-0.7016031003729339
2011,-37194.05073
2012,2.032973865906621
2013,0.4683768032293098
2014,2.0231092333926357
2015,0.7748136743837694
2016,-184.7515600000008
2017,1.1842886754827886
2018,-3213.0611599999947
2019,-18870.730570000025
2020,-0.7579073910926438
2021,-15294.60155999995
2022,-10323.542009999972
2023,-1.0878703097954332
2024,2.8818898028662234
2025,35.92179000000013
2026,4.615679941222914
2027,-2.4211635523387502
2028,0.5075452598159576
2029,-2.5057237517613795
2030,-935.4048899999988
2031,0.8510515706381143
2032,-5618.454449999994
2033,-14349.069919999956
2034,-29109.607160000025
2035,0.557984612281747
2036,-0.5653921070027396
2037,-339.36010999999917
2038,1.2428429132642285
2039,1.0116190833251333
2040,1.1415889505592538
2041,2.2871107648974562
2042,-0.4335215393437147
2043,-2.2257159236240143
2044,1.683249866172353
2045,-1.1861752783976036
2046,-578.3912600000012
2047,0.5943733119895931
2048,-144.09418000000034
2049,-20.31052000000039
2050,-2277.991819999997
2051,-1.0919086450103195
2052,-2.0743019599328245
2053,0.3053841494690203
2054,-3906.9172399999966
2055,1.6529063568546825
2056,-13820.166160000019
2057,0.554477184093278
2058,-23972.44480000001
2059,-0.015110775815873364
2060,1.1769183715223703
2061,0.3712751379160621
2062,0.6311313924995996
2063,351.4523300000004
2064,1.3534585619690909
2065,-10766.715190000004
2066,1.8212056961519523
2067,-4942.568480000004
2068,-3.4266786790646657
2069,0.6451121750605237
2070,1.7130264200224217
2071,-4920.19829999999
2072,-10038.130979999993
2073,-1.3622216986369164
2074,0.5753118627394787
2075,-1.1607356716548296
2076,199.93647999999985
2077,-1.0341854633649046
2078,-0.4599153448853832
2079,2.4332459757318623
2080,1.3693664502491
2081,-0.8527300222983537
2082,-1.8466522452025764
2083,-0.7252650671048941
2084,-0.7540521925356679
2085,0.17825179419005455
2086,-0.6258033237205779
2087,-1.0238531754491762
2088,0.45988426620533096
2089,-0.1294830626018689
2090,69.6666400000002
2091,-11917.278449999985
2092,-0.8899752497511326
2093,-1.1863235137853174
2094,2.831118331427611
2095,3.22495725342238
2096,2.7228506519478035
2097,-0.545859944504019
2098,-1.1421887959329624
2099,0.6340863114094264
2100,-2.3776177115975274
2101,-0.6218682675440479
2102,-7151.19635000002
2103,-6095.415359999999
2104,-2.7508670153595913
2105,-3701.063910000004
2106,349.42110999999943
2107,1.0361609254554935
2108,2.622594707690322
2109,-0.2302282951976578
2110,-11696.502850000019
2111,-11598.627609999983
2112,-0.8459037495880289
2113,-0.6378276670817257
2114,-13535.620750000002
2115,-0.6933833880057011
2116,-1.3763943294861472
2117,-4.232534477211303
2118,-0.09221954304532116
2119,0.9886132648094749
2120,-0.18301338670539158
2121,3.636761049163951
2122,-0.7618117106646035
2123,0.0958669142160583
2124,0.44720781096683576
2125,-12402.23424
2126,-588.4948500000017
2127,-1.0885716150251377
2128,-10595.13200999997
2129,1.3751625963978658
2130,0.6441855131823189
2131,-0.3752283366766932
2132,1.3959704773606139
2133,0.8099728135177413
2134,-0.09717547462224473
2135,-0.2519585473455231
2136,-8757.731329999984
2137,-14210.925320000006
2138,-0.7451431448680487
2139,2.8765093702238183
2140,0.5348606107853278
2141,-2.7377414331962324
2142,0.07563452378666574
2143,1.9977136129042683
2144,-0.22126869200488353
2145,0.2959782161128068
2146,-1.4711248980505287
2147,-6960.050779999992
2148,-5118.793350000007
2149,-0.3141183552129591
2150,-737.7169200000027
2151,-10454.387249999982
2152,-4166.99642
2153,-1.2381882100050667
2154,-30355.962760000042
2155,1.8545709537369923
2156,0.2054862494873514
2157,0.49374939819959696
2158,-8633.870160000004
2159,-1.7680809341944843
2160,1.6366241963792134
2161,-0.4069950974353047
2162,-1.1525763735638737
2163,0.5445930281584384
2164,1.684784279036901
2165,0.43352144712434665
2166,0.47268137871315546
2167,2.8104779269065543
2168,-17424.324909999952
2169,0.40185231445531394
2170,-0.6729094683085999
2171,0.023780072504497894
2172,1.0902513812474526
2173,0.791168524282883
2174,-11254.190040000018
2175,1.3977213841699563
2176,0.3208945939437768
2177,-0.4873485242279657
2178,-3.144062642826456
2179,-0.9794381092414954
2180,0.17018530369878232
2181,0.2702487254104901
2182,-11923.950299999993
2183,-0.4885174688636205
2184,0.10508479239838325
2185,-4.184474362782249
2186,1.204785814469058
2187,-0.9915172805945757
2188,5212.49749999999
2189,-1916.053479999999
2190,1.505572318536927
2191,-0.9299145335533853
2192,-8982.212480000007
2193,-0.6079957927090515
2194,-4306.176800000004
2195,51.93083999999993
2196,-0.41148781066435836
2197,-1.3674060812309448
2198,0.9808592692913694
2199,2.5210670039668126
2200,1.9564274336766276
2201,-1560.7207799999974
2202,0.71381346424018155
2203,-8555.963919999967
2204,2.3826716169726607
2205,-0.9269673098391381
2206,-1.4643936180466075
2207,-0.7479417528893045
2208,-0.7114607460520053
2209,1.8314304359522489
2210,-0.048108872664473785
2211,0.8099233660896347
2212,-0.5207719020426234
2213,-8966.980310000008
2214,-0.6593147970436096
2215,0.4933953259485524
2216,-0.23190946508562432
2217,-0.5878233997101935
2218,-2.462106836940675
2219,-3162.267230000002
2220,0.4109923051882676
2221,-0.03203353628410123
2222,-0.053074032160532775
2223,3.5047727889884497
2224,1.1841163598264008
2225,1.0985364832454854
2226,3.5136738726060903
2227,-4637.131560000003
2228,1.1400707108527557
2229,2.6849310875724393
2230,-0.5064927870812822
2231,-2733.2460800000044
2232,0.6981185657060505
2233,-11972.996370000012
2234,-1.235148272892333
2235,3.968998126582793
2236,-26802.251120000135
2237,-0.21059696880212925
2238,2.51496736761143
2239,-1.152722026993578
2240,-0.7423874188755174
2241,-1.1898083275266031
2242,-657.6409500000007
2243,-0.4465778997161692
2244,2.8828586771645743
2245,-0.5122484138682372
2246,-0.4711618284162124
2247,1143.6026900000033
2248,0.20916435867626268
2249,-2319.6168999999986
2250,0.6921115326802095
2251,0.9943422001640969
2252,0.16399158484180754
2253,155.04662000000002
2254,-8081.824330000017
2255,-0.2782479087550729
2256,1.6040350164124029
2257,-17160.954190000008
2258,0.5502422359766087
2259,-0.6270581914987265
2260,0.1789821117806611
2261,1.4503532526396434
2262,-5279.033939999988
2263,0.901913907799889
2264,0.2465376379789039
2265,0.5934400027554616
2266,1.0438372016264794
2267,3.990888565695084
2268,-0.056929991641993694
2269,0.12606187007822478
2270,-1.3840121833401815
2271,-1.702401822538377
2272,-1.593521340848772
2273,0.7809563081889588
2274,-35639.91232999997
2275,-1.9281821254396927
2276,-17516.99558000003
2277,0.015575282175254265
2278,-8913.63646999998
2279,-2023.9091499999909
2280,0.3097496465995071
2281,-0.7955087814086013
2282,-3378.5887999999954
2283,0.9654123342134465
2284,-0.6537262385193385
2285,1077.8113499999986
2286,-1.3973712531587736
2287,-0.2810145455468
2288,0.5643876231632582
2289,-0.08620344880945105
2290,-1267.5963500000032
2291,3396.297479999996
2292,1.185542301005542
2293,-1.6190580364515563
2294,-1.7221376030436524
2295,-4708.460019999998
2296,1.6950004169726094
2297,-0.7603203605969536
2298,2.3535929568147798
2299,0.1874392038695455
2300,0.3765768986670638
2301,-229.4455800000003
2302,0.9971521563428483
2303,-1.3234902132256374
2304,-14499.65799999996
2305,1.0766565539504083
2306,-3248.421359999994
2307,-0.9455840925998267
2308,-0.4079366692277308
2309,-1.0783260666556034
2310,0.6274928113947215
2311,-3304.481910000008
2312,-7069.144490000009
2313,-0.21792799667610285
2314,-0.4593550190811082
2315,-25522.918870000038
2316,-1.8620260178818793
2317,1.1521406691792204
2318,-0.8108555897193473
2319,696.9091499999997
2320,-2.3190334586151065
2321,-0.04479112397653389
2322,2.377482073922858
2323,-0.6066435264478295
2324,-1.2560603752321113
2325,-0.5461743590678819
2326,1.205430215711881
2327,-4467.088970000004
2328,-0.13442341951669673
2329,-1.671209106564998
2330,1.5412915588003815
2331,-0.8803291175372777
2332,-2.0032572079449347
2333,0.8730213728946857
2334,-2227.830710000003
2335,-1.1204423210102468
2336,1483.3904199999984
2337,-20338.004900000004
2338,1.6554554232130525
2339,3.2524441858016058
2340,3.8172306894494987
2341,2.6132093879388294
2342,-3763.686549999991
2343,-5717.956860000005
2344,-0.5211675523027821
2345,0.17201138688404685
2346,-9415.699170000002
2347,-0.2544471086801071
2348,-0.08728207174032174
2349,327.98980000000023
2350,-0.39022949631328874
2351,-0.37653429615329703
2352,-9860.88386999998
2353,-1.2645805743282528
2354,-1531.3921599999992
2355,-0.2848272696399385
2356,-1877.1237699999956
2357,-31628.519759999952
2358,-0.584364234588069
2359,-8020.197119999966
2360,-1.6706943972632096
2361,1.0425078030099644
2362,-0.023890920427155772
2363,-17988.870830000025
2364,0.7067265085228708
2365,-0.8508867952108478
2366,0.7951694828422533
2367,-0.6503926456161914
2368,0.8299542681192714
2369,1.7139483165379237
2370,1167.9369499999998
2371,-6002.477340000008
2372,-11214.357269999982
2373,1.4567011506708714
2374,-0.8254101428321129
2375,-8731.636950000015
2376,-1384.2081100000037
2377,-0.15020846832170423
2378,-1729.7626400000054
2379,-0.6454094530078487
2380,-2.35787449657267
2381,1.0515121522392734
2382,-2944.558789999992
2383,-1.0205293541369984
2384,0.30288215971606947
2385,0.17166208929773058
2386,-1.6885997019869914
2387,-0.5437302029023657
2388,-1994.3670000000004
2389,264.9714199999997
2390,-7894.594739999985
2391,0.0665467117974672
2392,-0.45655215678484595
2393,0.5772943524863481
2394,-1196.4689700000033
2395,-9298.802669999981
2396,0.29974767927654433
2397,-1.1358308355593179
2398,-1.313256247026221
2399,0.7464039691671063
2400,-1.2234876139574684
2401,-20489.826590000055
2402,706.6947600000018
2403,1.1603242894038726
2404,0.6065191271623999
2405,0.6957473785146229
2406,-0.4443772393993588
2407,2.7604489117968556
2408,-2.1373117267751622
2409,-6611.3880299999955
2410,1.4026743250762825
2411,-4729.407720000006
2412,-4070.2746699999793
2413,0.9340935878056486
2414,0.22377746696002865
2415,-5855.560290000004
2416,-3943.874739999984
2417,0.5212148480725771
2418,-0.16986496340531954
2419,-2.600144107846981
2420,-1.932337062460252
2421,0.828719023806288
2422,2.1436542409549633
2423,-0.5052891709206756
2424,-3821.690860000012
2425,2.0546608239276507
2426,1.177057493219456
2427,0.7881398958153725
2428,-1.4513232822322224
2429,-0.23283734924650817
2430,-0.09982266699152782
2431,0.22524588215426763
2432,-9291.934550000007
2433,-2.3003070007257405
2434,2.052096221483218
2435,-4415.2475300000115
2436,1.0620753129428409
2437,3.361000192642727
2438,-647.7572600000027
2439,-0.8175523649425541
2440,-2.0356012956553236
2441,-1600.7293800000027
2442,-14315.437459999988
2443,-0.8671344730248558
2444,0.6556764501599793
2445,-0.6102798802263854
2446,0.9116423702044041
2447,-1.9055435840074737
2448,-0.532900661973427
2449,0.7552908755882661
2450,0.5230146378751251
2451,-6137.120989999998
2452,1.5112471357647688
2453,0.6867374132577658
2454,2.1629798468085664
2455,1.1972982773555272
2456,1.267956877301053
2457,0.1296797764718827
2458,0.28101467961711407
2459,-1.2539086866436888
2460,-0.09567685271451705
2461,0.3054270493433764
2462,-4591.720169999994
2463,-2240.3687500000024
2464,-0.02302046625193545
2465,-0.6599487227108827
2466,1.141655063108961
2467,-13254.294270000028
2468,1.8078933486781323
2469,1.6011692325669704
2470,-727.9407500000012
2471,0.8643367541942333
2472,-6226.47208
2473,1.3413305034606413
2474,0.5432630504413601
2475,-1.9633242767801342
2476,-0.9786984359543266
2477,98.86629000000053
2478,-1.1054028909556917
2479,-15005.22953000002
2480,0.09462500337393902
2481,-14630.642239999994
2482,0.7480580770130295
2483,4231.828409999998
2484,-3376.9971199999986
2485,0.6374757950588433
2486,2.7716576577851795
2487,0.47307348149979267
2488,2.852389332811153
2489,1.9513634468016294
2490,0.6485049743165878
2491,-0.46675461747806524
2492,0.03537342574286882
2493,-4014.819610000006
2494,-1.3923530272970095
2495,-5042.151390000001
2496,1.1930197938928453
2497,-35625.63522000003
2498,-34994.84981000002
2499,-0.1116727814013143
2500,-5159.558980000003
2501,-1.1013097212351712
2502,1.492479584354493
2503,3.1740676348521086
2504,-15008.773560000012
2505,-13085.293999999994
2506,0.8775770219609679
2507,0.45511956698133765
2508,-6827.172939999976
2509,-8384.017409999997
2510,1.87105926724795
2511,-2789.8566800000044
2512,-0.9427175318793992
2513,-6206.756459999997
2514,-5069.241180000002
2515,-1572.0629099999971
2516,0.7305727040744386
2517,-0.4542062877802053
2518,1.4850889390470794
2519,0.6771834157837439
2520,-0.6538058800277311
2521,-3886.2500299999956
2522,0.0127075090522841
2523,-1.910847325053961
2524,-2.6326366916965815
2525,-1.4266936823157965
2526,0.11332208783293728
2527,-1.0047032461376817
2528,0.4196191779467723
2529,771.5873600000004
2530,-0.19937425992647256
2531,-0.10800578681223674
2532,0.16662011531647372
2533,1.1452297974079202
2534,0.2744600613978066
2535,0.23851188754914482
2536,1.145260104521808
2537,-1357.2749500000018
2538,1024.0770299999995
2539,0.7628035510759156
2540,55.35796000000005
2541,-23328.291680000006
2542,-1647.1667699999964
2543,-2.764954975715622
2544,-0.3911883197744757
2545,-12289.44858999994
2546,-3692.482409999994
2547,1.1733297897710329
2548,1.0896632932670283
2549,-3734.1802099999986
2550,-7822.210769999972
2551,0.009147716269417308
2552,-0.03975664104032871
2553,2.260846542590374
2554,-0.49590628356571537
2555,0.5923155240671178
2556,-15607.930019999976
2557,1.770106019819624
2558,-0.9228565536469653
2559,-4698.4850399999905
2560,-2.5338163026586096
2561,-9614.345499999994
2562,-12590.97355999998
2563,-2.9132115596327095
2564,-6579.961899999977
2565,-1.8565064974030687
2566,-14049.868549999994
2567,0.7530933475588572
2568,-9415.53988999999
2569,-1.1375340471578357
2570,-0.7877025424136668
2571,2.8197592697523106
2572,1.6368282015893905
2573,-0.9198612779511428
2574,0.6181042523529909
2575,-8093.7831199999655
2576,-0.12029288571411346
2577,-0.3497780390962446
2578,-549.3773499999983
2579,-1.3160213233372924
2580,-0.8618012368461849
2581,0.9637424269006041
2582,-17365.48596000003
2583,0.046281024652352565
2584,2100.3927699999967
2585,-6302.540779999993
2586,1.3627305241256622
2587,0.6196045388709003
2588,-581.4671699999991
2589,-0.6016005999949683
2590,0.1697680800090205
2591,0.6434537410752794
2592,-1.941119525384916
2593,0.46988889855626925
2594,-2.3190892370322076
2595,-4889.173020000008
2596,-0.17765596490941163
2597,1.7811519835569842
2598,1044.0075400000044
2599,-0.6382660980239058
2600,-10435.52954999995
2601,2.9780601033162375
2602,0.8685780210318279
2603,0.6776692772392012
2604,1.1827018183216842
2605,-2389.091979999997
2606,-0.1617128549644285
2607,-3.735942241209587
2608,-9898.970089999992
2609,-2.234272407130674
2610,-888.6064500000015
2611,1.0328354035725837
2612,943.8285400000011
2613,-14947.301249999971
2614,-0.16907682652968364
2615,2.3979305812883123
2616,-0.6021617114670607
2617,-15878.06042000005
2618,-1.3343577036581558
2619,-18018.570529999983
2620,-0.0177233034671783
2621,-1164.3403899999996
2622,-3387.1421900000055
2623,1.2330223389055017
2624,-2.0217817289596587
2625,0.06503509560095723
2626,-11959.696780000018
2627,-4.1314620913579505
2628,-28003.841919999944
2629,0.043642432851642064
2630,1.904110321081706
2631,1.1124775691783821
2632,-1.6575652385340596
2633,-0.4465457979403348
2634,-0.8206483650929295
2635,-0.043293997260769844
2636,0.05128167768523264
2637,1.4010837188167644
2638,-3331.227769999991
2639,-20350.67012000006
2640,-375.70717000000013
2641,-7438.8561800000225
2642,-2.7538052971464695
2643,-25002.986950000057
2644,1.4864518210400661
2645,-0.17081617219098363
2646,-5545.131160000013
2647,-1120.0250600000043
2648,0.02806893643255549
2649,1.678415225386611
2650,1.2299639669869165
2651,2.1687517095620548
2652,0.01782547049779435
2653,-970.7561400000005
2654,1.045312116216458
2655,-0.19008059828470647
2656,0.12791286250413558
2657,-1.6681598942718623
2658,-20014.32319000007
2659,-37530.690739999976
2660,-2.7603638291712094
2661,1.4661442816156378
2662,-1.532346993245621
2663,-0.6711811144844801
2664,0.2293808375934711
2665,-10885.916049999973
2666,-1998.7910699999977
2667,-0.16167762497664367
2668,-2.9692423822977205
2669,0.9602609876483327
2670,-1824.7366499999982
2671,-0.3708657598891579
2672,-8580.69160999999
2673,3.0471932472537038
2674,-882.6125600000022
2675,-5036.583970000005
2676,-0.36198798798604687
2677,0.3688913256239172
2678,-1884.9627499999995
2679,-6848.205189999992
2680,-20599.062039999964
2681,-1.0025460811813967
2682,-0.36702409481675285
2683,1.5829090275014088
2684,-1.1003755665014616
2685,1.644504978153564
2686,-2.078648179543827
2687,0.28992074099712223
2688,-1.1253242378227095
2689,-374.29805999999905
2690,-0.31626479126727874
2691,1.9175468768899298
2692,3.11083227378369
2693,-0.2402599855387529
2694,-1058.0558699999992
2695,1047.7341400000016
2696,-0.20427435501351263
2697,0.6764561768273734
2698,-4875.162250000012
2699,-1.4709669197480222
2700,-1.370634299184624
2701,-0.8842498941680602
2702,-1020.631000000002
2703,2.556881387346941
2704,-0.9174674021016992
2705,-4.234176819461941
2706,-0.01224461119026915
2707,-178.53370999999953
2708,1758.8135899999916
2709,4.550734236563814
2710,-0.8771449764976956
2711,2.125568091314121
2712,2.8789250436531457
2713,-1.3038930757955762
2714,-5792.779039999989
2715,-3727.2718200000013
2716,-7131.219919999984
2717,-2.8575043687811896
2718,0.7831597632253695
2719,-4038.252940000005
2720,1.4586510714468333
2721,-2.028175653135203
2722,-1.6041053831253078
2723,-0.2764690649749579
2724,-0.6079562430972909
2725,1.7237144441261218
2726,-11209.886899999983
2727,-1.1158164843852285
2728,3.117062113115614
2729,-2.145229797765006
2730,-4897.519840000002
2731,0.01925710815519278
2732,-22868.24554000001
2733,1535.557789999996
2734,-5371.834859999991
2735,0.42361426214777426
2736,-3.3694812550063675
2737,0.3240324977636287
2738,-1.2419899096437985
2739,-0.760348951198885
2740,1.205466568136128
2741,-0.8073805630677466
2742,-1.219905136840225
2743,-8107.984430000012
2744,-1.2683970095036121
2745,0.5122323011952109
2746,-1.4426301245055073
2747,-2.021834378166235
2748,2.7499094734010168
2749,-8779.256859999989
2750,-0.03932763338668655
2751,0.008976337377574693
2752,-622.04707
2753,-0.946642274130812
2754,-12896.919110000015
2755,1.8879477295836293
2756,-2058.9442
2757,-1.6799134557934685
2758,-0.4219542665782179
2759,0.1834540991918464
2760,-1.1198512591115672
2761,2.6142299999999405
2762,0.2395737209332967
2763,-7088.539520000014
2764,590.0068899999998
2765,0.7180258932206691
2766,-7347.072390000011
2767,-7432.797449999991
2768,-1456.710440000004
2769,0.02203256056682732
2770,-1.1337532284454277
2771,0.3908940144698679
2772,0.8711857842298033
2773,-24115.087980000044
2774,-0.3706581707658454
2775,-16763.777980000024
2776,-9001.215230000003
2777,-0.6495899853655525
2778,-2264.796569999998
2779,-0.6029393907991313
2780,-1.621220416746772
2781,1.4703172520384047
2782,1.8598225265575765
2783,-0.15942322245292223
2784,0.48569897308984916
2785,0.4044319764206264
2786,0.82216258141049825
2787,-8313.009760000008
2788,0.6513303205098783
2789,0.6476331403290917
2790,-645.1559799999991
2791,-33887.404229999964
2792,-0.23400210538778893
2793,-6445.901970000007
2794,2746.504430000004
2795,1.9354393268290842
2796,-0.34682271958904937
2797,-1.7486144974428288
2798,-1.0122830843835908
2799,-8645.37610000002
2800,0.41350056387931317
2801,-1.6910093198313942
2802,-0.35045012980286916
2803,-3845.8748199999955
2804,-0.6696751782087952
2805,0.8201514394179141
2806,-0.8388091464227897
2807,-8429.557759999969
2808,2.323641633814925
2809,-40.79780999999979
2810,-0.1001669549936305
2811,-17191.636040000045
2812,6361.827670000003
2813,-1.8031880239580549
2814,-2.1068772948605456
2815,0.09791494917671033
2816,-2004.2523600000027
2817,-18099.50900000008
2818,-1.6321944521518739
2819,0.03458522725006627
2820,1045.400160000004
2821,-0.8551657445689352
2822,-7474.247530000011
2823,-30759.47136000005
2824,-0.6223378937209421
2825,1.0510938232127047
2826,-0.9246626010542764
2827,0.5489515218986984
2828,-2453.9535099999976
2829,-0.4979137185945854
2830,-2.102536380851114
2831,2.5035017007267455
2832,0.03557513005903714
2833,-2277.1492800000033
2834,-1.2996011735944084
2835,-8760.738340000009
2836,1.1781473774258175
2837,2.6885600000000167
2838,1.5161398738868508
2839,-0.808665697625909
2840,-931.1114200000004
2841,-6054.519330000001
2842,-1.797676270619769
2843,0.641660249942946
2844,4.499861156872777
2845,0.805772984084369
2846,-1.629720780772754
2847,-374.1918600000003
2848,0.3817102877189347
2849,-0.8472204966074041
2850,1481.9266999999995
2851,-0.662508638495477
2852,0.6441447545880521
2853,1.018993311013591
2854,0.5647326933803891
2855,-0.5636547370850269
2856,-0.4832405326902208
2857,3.184200944377987
2858,-180.05347999999958
2859,2.2251155834443725
2860,-2182.106929999999
2861,-1.3729424134998434
2862,0.9627700768330435
2863,1014.1656300000024
2864,-0.0921307830201606
2865,203.20226999999971
2866,-0.3944937490236471
2867,-0.6628885119470057
2868,-2.691354837147629
2869,0.2901268943330228
2870,0.3081363758605908
2871,-6721.261380000009
2872,1.1486161726150048
2873,-17456.92964000001
2874,-28832.193310000006
2875,-15265.58270000004
2876,-22046.53780000005
2877,0.16992537600711752
2878,0.2299973500234954
2879,18.210010000000064
2880,-1.4539783897558105
2881,-1.756450038410352
2882,-0.8133635429318422
2883,-1.0244153740857653
2884,-11681.76567000003
2885,0.5694242341002099
2886,-1.355776923784717
2887,-9122.38607999998
2888,0.3319179619523959
2889,-1961.1542299999987
2890,-3521.0846300000107
2891,2934.3068600000024
2892,-0.6282409819645132
2893,2.6867021446637147
2894,1.4774916936711617
2895,0.760699345040597
2896,-11485.523269999994
2897,0.049452032894269395
2898,-37147.629160000026
2899,515.1562699999996
2900,-3.4774588656977894
2901,-0.08064523287980205
2902,-1.4551259387572923
2903,-1.4022373906235575
2904,0.2991222668410054
2905,-21009.42380000003
2906,0.5241289094264827
2907,-0.9289303491758216
2908,-16807.52631999998
2909,-0.3846902791611644
2910,-8109.92326
2911,-0.860787301401564
2912,1.3269405522780626
2913,-1.5899935783043284
2914,-5237.419909999995
2915,-0.5899338235490094
2916,-0.690357667283975
2917,-0.7063623827509723
2918,1640.5919599999975
2919,-23967.436740000063
2920,-10312.100050000017
2921,-1.38385332903127
2922,-0.9769187734902304
2923,2.641824234279551
2924,-0.8918589705878048
2925,-0.6062578751370702
2926,-2.145293657931972
2927,-14139.032060000025
2928,-20856.791310000048
2929,0.30545769322721433
2930,-5266.231009999997
2931,1.1504580538544544
2932,2.431305695154145
2933,-260.1019199999999
2934,0.1836779652894067
2935,-4080.3135199999933
2936,-3097.0318700000084
2937,2.5847449369089994
2938,-1.636652500867638
2939,-780.587340000001
2940,1.3125453821413586
2941,3.451373128094481
2942,-4109.83474
2943,1.023578018715287
2944,-2145.4621200000042
2945,1.2449399999994202
2946,-1594.6459199999986
2947,1.2434466547786553
2948,1.7477433937985147
2949,-1.4941823804186871
2950,1.9597599759708386
2951,-0.8900788991526283
2952,-2925.762270000001
2953,-0.7976047081120349
2954,-1.2359467724133415
2955,-20252.484860000008
2956,-1.86667184036408
2957,-0.6565804972116053
2958,-0.35739059226953085
2959,-1307.9032800000018
2960,-7916.987189999961
2961,-647.8687099999992
2962,0.12178589578373653
2963,-2.922923769784052
2964,-2.381484758792131
2965,0.9420440119522384
2966,-1.7784161975411603
2967,2.1589939209570317
2968,1.8963863270851098
2969,-0.9751300497147469
2970,4093.2774300000033
2971,-1.4973869489617928
2972,-0.3243640196771513
2973,-5484.474770000011
2974,336.2543599999991
2975,-7909.690509999988
2976,0.6916845684100017
2977,0.23055327449903776
2978,1.0560688061575993
2979,1.529902398400747
2980,-0.25491017911796
2981,0.8400054038555859
2982,1.075473275416103
2983,1.1782133575269287
2984,0.8168304140302961
2985,2.3676941817753883
2986,0.34582856316873584
2987,1.762326298941616
2988,-0.8009743458007482
2989,0.9649972692722667
2990,-6621.3290799999995
2991,-0.8158262242434061
2992,0.1331410820828968
2993,-10228.889670000011
2994,-0.9856412297911205
2995,1.2158253800467078
2996,0.4733713839960649
2997,1324.6477599999994
2998,-8305.73170000003
2999,0.7487572357154957
3000,0.5579623512366859
3001,-1.530948615016091
3002,-0.19197437487326274
3003,1.4370521394941465
3004,0.5465833433434388
3005,-2.1932876639936087
3006,0.7229586849843859
3007,-1.0494820609691038
3008,-0.8053994398148867
3009,-1.9799384190027773
3010,-3.1747995891409353
3011,-0.0695618911795541
3012,-3.275620420719049
3013,0.252645766921254
3014,0.36940313896723703
3015,0.04278173326347843
3016,-2900.278110000008
3017,0.1544002308980666
3018,-0.38790560221024456
3019,2.350247999471997
3020,0.79761028092719
3021,-2.483298415298464
3022,32.985089999999886
3023,0.16499517644836167
3024,-1.4936243249809626
3025,-1.2622035818136021
3026,1.0807602694834118
3027,-3077.774369999996
3028,1.3137376497293392
3029,0.996391361968672
3030,2.7176771407104363
3031,-1.1140735378322137
3032,2.4014914757468033
3033,-2.396020137606239
3034,-2838.8314799999907
3035,-6613.538699999994
3036,0.06819558474817976
3037,-14393.017929999936
3038,-0.017291634992353776
3039,-1.5911703706729856
3040,-18850.391949999987
3041,1.0555072542494708
3042,-1.4613359097858156
3043,-3419.833750000002
3044,-0.484168519220119
3045,-1.5524397864772324
3046,-5783.87411000001
3047,-766.6612200000008
3048,-1.4972107619492045
3049,-0.8751449688134258
3050,-1.4220087840498437
3051,-7272.772460000015
3052,0.11978680638166125
3053,-1.1002432482875466
3054,-1.7354943959539066
3055,-6227.285540000005
3056,-6850.687259999985
3057,-0.574170338480654
3058,-0.26543748703700487
3059,-26545.624630000035
3060,-7928.395579999988
3061,-889.3427600000023
3062,1.4415453449154427
3063,-5327.107279999999
3064,41.64142999999994
3065,0.37349528408865657
3066,2.429894022613099
3067,1.3663785861433784
3068,-2460.401289999999
3069,-1.465784967912065
3070,2.4730371195606007
3071,1.1967470651240817
3072,1.326457537303522
3073,-6475.776239999985
3074,-2.578467448211748
3075,0.5331054705236454
3076,-0.2935814592692211
3077,-1.483475810448801
3078,-19069.610859999993
3079,0.38454702448685324
3080,-1.3170082520763509
3081,0.47926918931172496
3082,-9766.263720000003
3083,0.7198354084729869
3084,544.7086399999996
3085,0.28011911177791593
3086,-1.0196508071821266
3087,-2.8613287811289196
3088,0.9823284751225047
3089,-9395.428859999989
3090,-1.7666719806794964
3091,-0.6824490888654888
3092,-0.6896340202558128
3093,0.46355453194602164
3094,-8710.069660000012
3095,0.8847481577187969
3096,-5042.061309999986
3097,0.603903100129045
3098,-934.6705699999999
3099,54.409719999999574
3100,-0.2738514225182347
3101,-10251.808729999999
3102,-11514.072070000002
3103,-2.9584243181755294
3104,2.5549394513204065
3105,-3.211258070738766
3106,-10930.912950000013
3107,3.5843939639906894
3108,-0.454722450464022
3109,-3176.83035
3110,-0.8216937254482328
3111,-10496.986080000024
3112,-0.02264782254192306
3113,-0.317295051176617
3114,0.04592897894266494
3115,-1.0847786786865536
3116,-1.7697879508115835
3117,2.666640443162008
3118,1390.6995700000025
3119,-0.6740031159876743
3120,-0.9007814181068068
3121,1.8516656167860859
3122,-0.22879861842909757
3123,-7058.977660000019
3124,-2.4245904323973115
3125,-17049.449720000015
3126,0.629871889055527
3127,-4495.647760000011
3128,-13510.259689999972
3129,-36114.33047000008
3130,-1440.92503
3131,0.20835971254853022
3132,0.6546624204873445
3133,-4734.754520000005
3134,0.38222311661252295
3135,2.3800670882096355
3136,3.146661294632609
3137,-3656.1516800000036
3138,0.7612169041971271
3139,1.103918030809646
3140,1.4314789007909503
3141,-1.0968705378015418
3142,-9323.892190000011
3143,1.2568081504595316
3144,-3.26565943973432
3145,-0.1291318934146907
3146,-0.4665750826765233
3147,0.8883011848737914
3148,-0.8188413122620565
3149,-11948.433750000024
3150,-16631.12995000002
3151,-0.8044125826306496
3152,1.8192991920816286
3153,550.9721700000006
3154,1.0160967301483097
3155,-0.5223608074219583
3156,-2226.3699399999973
3157,-13648.487489999992
3158,0.6498390139927402
3159,-0.1858144786682651
3160,-1895.4710499999944
3161,-0.35677716355559624
3162,-0.40004022521626886
3163,3.0134936234578964
3164,-1.750048338220791
3165,2.1429230225529716
3166,-1.1505555531705984
3167,-1137.4738500000012
3168,1.767996326300405
3169,0.4018580097779495
3170,0.06313080569365387
3171,-1.7965977057968687
3172,-30203.32070999999
3173,-3499.6206600000023
3174,-2736.23118
3175,-0.11914033734990478
3176,-20201.28400000002
3177,1.0828493345483905
3178,2.9230647816210586
3179,0.9987902883907605
3180,-0.3969322482742007
3181,-3198.1718300000107
3182,2.200103502631375
3183,-715.6640199999994
3184,-0.428526851258442
3185,-1.7445536595118505
3186,-5524.461730000004
3187,-2.0189769606991375
3188,-1.5708233529237596
3189,-0.23182881398396696
3190,-1.2681617246447372
3191,-4489.1436199999835
3192,-1733.7814200000023
3193,1315.3830199999989
3194,-1.0840592069104733
3195,-0.8803973216372923
3196,-1.7423749373084234
3197,0.24200335303311232
3198,0.9627797770249531
3199,-3.0988298339015
3200,0.5721584710709069
3201,0.032471677488236365
3202,0.21534812610972903
3203,-6740.22396
3204,-15324.985780000045
3205,-6882.583929999994
3206,0.34867206033174436
3207,-8042.749719999966
3208,-18743.52094
3209,-18760.94198999998
3210,-2.667288740319998
3211,-0.26014653256311226
3212,0.17454604259041154
3213,0.5900937515170648
3214,-17224.990839999988
3215,-23508.15052999998
3216,-17864.77305000001
3217,-12553.779530000034
3218,-10386.27105
3219,-13080.361890000006
3220,-30016.852020000024
3221,-12937.395990000015
3222,-21844.02006999999
3223,-17492.806360000017
3224,-7232.655670000001
3225,-28405.719320000007
3226,-6650.3304699999935
3227,-2395.795740000003
3228,-11071.32208999999
3229,-8083.567919999971
3230,-8252.563329999999
3231,-12185.573290000011
3232,-10127.950269999994
3233,-24377.5531300001
3234,-2420.26637
3235,-1589.3427099999951
3236,-5106.788540000005
3237,-7413.0596200000045
3238,1696.8685800000007
3239,-2202.6814699999964
3240,-7417.745570000027
3241,-12267.273319999998
3242,-27897.751610000018
3243,-7644.273940000011
3244,-18918.956470000005
3245,254.26429000000005
3246,-6170.575950000002
3247,-7303.255089999984
3248,-7286.896300000001
3249,-19005.533489999994
3250,614.4119500000007
3251,-9301.35088
3252,1900.6849200000006
3253,-6697.44057
3254,-1846.6645499999963
3255,-2649.016759999991
3256,-2486.9326999999935
3257,-16453.95768999997
3258,-3819.240239999989
3259,-21158.64875
3260,-12255.245169999975
3261,-6774.841449999991
3262,-22524.029980000065
3263,-16869.52739000005
3264,-4036.5002600000016
3265,-6557.143879999987
3266,-23205.316220000015
3267,-8128.229439999998
3268,-13287.670589999994
3269,-21554.53702000004
3270,-12502.25777000001
3271,-9043.958970000007
3272,-238.46471000000037
3273,-1757.9897500000077
3274,-982.6734900000018
3275,-16823.417730000034
3276,-3046.0723600000033
3277,-9784.100060000019
3278,-22206.47328000001
3279,-1068.974050000001
3280,-4310.5995400000065
3281,-9985.701749999966
3282,-21161.826520000002
3283,-5106.446300000008
3284,-7157.95284999999
3285,1519.18604
3286,-3415.9934400000175
3287,-922.0435499999987
3288,-3806.2857599999948
3289,-6297.437120000009
3290,-30211.96836000003
3291,-1515.3513099999957
3292,-7183.587230000002
3293,-12923.33860000002
3294,-26129.397500000032
3295,-5239.229590000001
3296,-6887.033739999997
3297,-16854.230320000046
3298,-13375.649530000006
3299,519.7087400000011
3300,-809.768259999999
3301,-18020.538199999955
3302,-1451.6958000000006
3303,-9275.025760000026
3304,-6758.726959999994
3305,-10121.983139999993
3306,-3957.6987099999833
3307,-4798.557709999998
3308,-28787.88966000011
3309,-14314.532020000011
3310,-1842.6702599999983
3311,-5865.812200000006
3312,-8478.991730000032
3313,-15629.319090000034
3314,-7912.08650999999
3315,-3236.5681499999937
3316,-11.113830000000126
3317,-8482.339829999995
3318,-10497.27053999998
3319,-4235.345079999994
3320,-4720.065849999996
3321,-4916.9764599999935
3322,-4645.875660000007
3323,-13300.823720000035
3324,-13040.340119999983
3325,-9173.06271
3326,-7248.646450000003
3327,-17688.313710000013
3328,1756.9042399999964
3329,-4204.252420000008
3330,-29430.381300000045
3331,-28757.103300000024
3332,-18578.32661999995
3333,-7839.08141000002
3334,-7969.051830000013
3335,-2702.1470700000036
3336,-7717.81751
3337,-9180.640519999997
3338,-13648.818149999992
3339,-28372.81918999997
3340,-27491.425980000062
3341,-13861.76632999999
3342,-7903.745180000001
3343,-69.11187000000041
3344,-5748.502640000007
3345,-531.2408499999993
3346,-20847.05078
3347,-13533.606019999967
3348,-4404.615189999994
3349,-22187.92671000006
3350,-3928.36038
3351,-10685.86680000001
3352,-6492.119739999992
3353,-8495.89895999998
3354,-34504.74027000001
3355,-2943.5059500000025
3356,-3054.5693100000026
3357,-3522.2173099999973
3358,-9743.763659999999
3359,-29512.091000000037
3360,-1513.4524000000024
3361,-29828.373040000093
3362,-10418.865269999967
3363,-1222.1572400000011
3364,-14260.652310000014
3365,-10187.897789999977
3366,-8609.327270000009
3367,-17736.006750000015
3368,-5229.514349999992
3369,-442.76513999999884
3370,-1486.3120700000009
3371,-3415.8581500000078
3372,-16243.619779999988
3373,-1516.776660000001
3374,-14293.244159999951
3375,-2339.9823499999998
3376,-8290.673539999985
3377,-17800.38362000002
3378,-12364.063699999972
3379,-21651.36450999998
3380,-5773.6762499999895
3381,-2239.4432199999997
3382,-3502.9334600000075
3383,2373.4656499999933
3384,-18751.44475000001
3385,-21184.92823000002
3386,-11154.776390000034
3387,-7735.044219999972
3388,-20555.25167
3389,-19412.53304
3390,-5920.892410000007
3391,-33987.75350000001
3392,-12305.499649999952
3393,-3149.021540000001
3394,-3330.433020000003
3395,-7832.673779999986
3396,-13641.682120000034
3397,-8008.311419999979
3398,-1515.204349999998
3399,-26845.157030000024
3400,-20871.720710000052
3401,-18463.868230000022
3402,-8994.459670000015
3403,-18140.36251
3404,-5293.008510000002
3405,1429.1456799999978
3406,-14507.634709999978
3407,3713.2121357277774
3408,3819.3121499999975
3409,-5451.891240000009
3410,-12760.143110000037
3411,-6590.0164300000015
3412,-12874.682530000022
3413,-4158.289489999992
3414,-15427.243050000021
3415,-1274.5805999999986
3416,-2774.426209999997
3417,-13464.396210000039
3418,-24150.639160000002
3419,-8852.269819999967
3420,-3854.792779999991
3421,-8964.888840000025
3422,-16711.76849000005
3423,-20768.704429999976
3424,-13202.606100000015
3425,-4606.074370000003
3426,-18299.543059999996
3427,1194.19601
3428,-2521.7525100000007
3429,-1863.5084799999947
3430,-17254.78843999999
3431,-10265.057439999986
3432,-19860.86903000006
3433,-23731.149770000036
3434,-2091.8350000000037
3435,-12910.726430000055
3436,581.9165700000002
3437,-8550.833989999965
3438,-22029.03611000002
3439,-3701.8759999999957
3440,-23922.138639999983
3441,-3935.2912500000007
3442,-8617.988520000012
3443,-2718.059629999999
3444,-15422.684660000006
3445,-9793.787770000012
3446,-5938.950220000014
3447,-6228.3779500000155
3448,-5590.205099999995
3449,-4362.190750000022
3450,-22897.020810000005
3451,-22083.06542
3452,-10376.677560000004
3453,-8095.605700000002
3454,-1289.5436499999992
3455,-1623.6197200000013
3456,-27641.35933000004
3457,-12380.89182000003
3458,-5031.701399999996
3459,-21160.075860000034
3460,-2708.146499999995
3461,-19492.228499999997
3462,-11610.625649999976
3463,-20760.12713
3464,121.76707297379889
3465,-11906.377410000041
3466,-8519.928329999975
3467,-6656.643559999995
3468,-3255.982580000004
3469,-11927.276170000023
3470,-7885.7795199999755
3471,-1242.3842500000003
3472,-6944.395959999988
3473,-1204.2762600000037
3474,-30238.691230000055
3475,-3819.09103
3476,-7223.848210000016
3477,-1548.7925200000002
3478,-4192.399000000016
3479,-8280.657290000023
3480,1104.143379999998
3481,-15711.331240000003
3482,-5477.629319999996
3483,-16511.68985999998
3484,-9073.380110000013
3485,-5097.196090000001
3486,-6292.209869999993
3487,-4434.232440000011
3488,-37847.54078000008
3489,-3043.7676800000063
3490,-5678.147140000006
3491,-13996.604510000025
3492,-13621.449209999977
3493,-10428.852890000007
3494,-18073.689070000022
3495,-13609.349249999965
3496,-5981.691700000017
3497,-7316.482940000013
3498,-9852.987560000012
3499,-4231.3488899999975
3500,-3925.3465599999954
3501,-14742.897850000012
3502,-3202.352630000006
3503,-1003.4895100000015
3504,-276.9266300000003
3505,-6679.104409999988
3506,-13658.175610000008
3507,-7139.026929999982
3508,-8002.813360000003
3509,-7482.359029999977
3510,-8245.149719999985
3511,-9755.396590000011
3512,-7127.731220000002
3513,-6199.620920000026
3514,-9863.940910000012
3515,-3172.728440000003
3516,-6012.550609999986
3517,-13794.6703
3518,-9041.024210000018
3519,-28829.06645999999
3520,-6470.2033000000065
3521,-3495.6851500000116
3522,-10715.634019999998
3523,-16107.208070000066
3524,-6538.219229999998
3525,-11377.54852999997
3526,-19371.63910000002
3527,-30269.943669999975
3528,-9931.767079999998
3529,-22495.437950000014
3530,-14040.681600000002
3531,-14542.859310000014
3532,-26509.096710000093
3533,-3577.5815799999905
3534,-14195.303999999984
3535,-4388.308910000013
3536,-5557.371009999993
3537,-28601.72557999999
3538,-1809.851229999998
3539,-24568.64230000007
3540,-6661.846979999992
3541,-8135.670640000014
3542,-20878.55815000001
3543,-9936.647650000004
3544,-5443.280419999983
3545,-9755.441660000013
3546,-6963.382510000011
3547,-10504.483260000014
3548,-10579.877810000004
3549,-810.4755900000008
3550,-825.1156899999994
3551,-6007.979909999998
3552,-571.64741
3553,-6414.530939999961
3554,-2641.826479999995
3555,-5398.292199999985
3556,-4387.872689999995
3557,-7714.745350000011
3558,-4824.591549999997
3559,-7389.566460000003
3560,-29420.80617000005
3561,-14158.650999999987
3562,-30648.613590000103
3563,-19133.902219999967
3564,-27629.60374000006
3565,-5394.882109999994
3566,-3927.862450000011
3567,-6046.422760000023
3568,-28456.782750000006
3569,-4460.027770000003
3570,-20639.145120000012
3571,4992.3352200000045
3572,-12476.408679999997
3573,-19238.36185000001
3574,-9305.599200000013
3575,-15224.731490000062
3576,-12420.913170000002
3577,-6679.039290000019
3578,-7949.457749999999
3579,-11498.602090000039
3580,-3116.4840200000103
3581,-8644.96613000001
3582,237.56775000000042
3583,-8365.142090000008
3584,-24243.29898000005
3585,-13321.71971
3586,-23600.073650000064
3587,-17690.31726999998
3588,-28920.487660000013
3589,-9185.936140000034
3590,-11975.641409999982
3591,-6825.031960000011
3592,-6106.479839999995
3593,-1531.4554499999986
3594,-11080.973059999991
3595,1459.403519999999
3596,-6909.691739999998
3597,491.64007000000026
3598,-3150.3491000000054
3599,-13918.391669999999
3600,-21225.74768999999
3601,-7090.458269999983
3602,-22507.48396
3603,-3526.8787800000027
3604,-18219.695659999976
3605,-11466.876009999976
3606,-9133.604940000005
3607,-2796.5170700000026
3608,-1833.3119100000004
3609,-14064.769610000025
3610,-13998.752569999999
3611,-6934.257470000016
3612,-4875.056310000004
3613,-15784.469620000005
3614,-3938.000849999996
3615,-850.5548900000013
3616,-33930.35595
3617,359.34152000000097
3618,476.19650000000144
3619,-5848.821540000008
3620,-22517.340270000004
3621,-6366.681860000012
3622,-9692.43208000001
3623,-3087.6379799999972
3624,-19779.54209
3625,-2767.040289999999
3626,-8998.566830000003
3627,-7843.172419999997
3628,-3356.869549999998
3629,-20310.83604000004
3630,-5388.558149999991
3631,-7873.2018899999985
3632,-6220.09101000001
3633,-15546.98239000002
3634,-13945.686300000008
3635,-13362.28311000005
3636,-6781.489249999999
3637,-18421.15824
3638,-14174.812530000001
3639,-29469.67094
3640,-895.2095300000025
3641,-3903.8679599999928
3642,-8536.336830000011
3643,-9459.342300000022
3644,-1958.2249800000006
3645,-11544.65838000001
3646,-2791.297479999998
3647,-2539.6098299999994
3648,-9430.556269999997
3649,-14547.59475
3650,-3765.5145199999997
3651,-10293.411879999976
3652,-15404.49769000001
3653,-4639.592779999997
3654,-5008.617619999993
3655,-23507.303800000027
3656,-14186.454300000018
3657,-323.32187000000033
3658,-19384.118049999986
3659,-18556.391810000016
3660,-7002.836509999984
3661,-2603.6908099999982
3662,-17692.903510000026
3663,1343.226790000001
3664,-13133.170729999989
3665,-14169.758490000017
3666,-5087.326710000008
3667,1925.629439999996
3668,-14100.659250000022
3669,-1829.953729999995
3670,-3334.260240000003
3671,-2181.8449499999974
3672,-6263.4821600000005
3673,-7825.555709999983
3674,-16740.05946
3675,-13450.377499999997
3676,-510.87185000000096
3677,-14288.536209999951
3678,-3760.176050000005
3679,-11905.02732999999
3680,-16867.48666999999
3681,-17951.951340000032
3682,-20303.252110000005
3683,-25131.26456999997
3684,-7954.572479999974
3685,-5284.94654999999
3686,-11948.720470000035
3687,-9900.361000000014
3688,-10865.83184999998
3689,-11745.50353000002
3690,-12897.495609999965
3691,-18474.01412999999
3692,-23487.708309999987
3693,-6588.167430000004
3694,-14374.913549999967
3695,-37169.76509000023
3696,-27327.027490000044
3697,-8915.415930000016
3698,-1842.7027199999973
3699,-3268.197819999995
3700,-13375.162680000003
3701,-6530.078570000006
3702,-6732.127550000011
3703,-17735.343120000027
3704,-6918.953030000019
3705,-13044.329370000009
3706,-13270.865949999996
3707,2166.6201299999916
3708,-5734.536569999997
3709,-13234.099649999964
3710,-826.8191500000016
3711,-24828.910170000003
3712,-7458.564469999988
3713,-18161.136760000023
3714,-22328.96701000001
3715,-19635.21921999998
3716,-4538.200909999998
3717,-15207.654909999972
3718,-7579.149409999986
3719,-13750.161599999976
3720,-5250.246720000007
3721,-7909.400909999998
3722,-9511.010569999971
3723,-6847.875610000012
3724,-8670.811859999994
3725,-9230.155529999993
3726,583.2523200000007
3727,-12975.102130000058
3728,-23620.498350000027
3729,-9942.090270000008
3730,-3414.184210000013
3731,-6833.302989999993
3732,-30760.120650000004
3733,-3815.275200000008
3734,-29935.095080000123
3735,-21030.571540000026
3736,-12420.725269999994
3737,-3337.981970000005
3738,-12515.743159999996
3739,-517.1421499999999
3740,-70.5306999999997
3741,-10172.151660000003
3742,-16679.17209000002
3743,-30070.579569999958
3744,-8943.33892000003
3745,-1761.2948699999995
3746,-30337.835819999967
3747,-11111.536760000025
3748,-4205.052759999988
3749,-5458.254659999995
3750,-12188.576500000006
3751,-11862.759660000018
3752,-4328.568339999988
3753,-11582.396910000007
3754,-6846.668980000031
3755,-22598.503900000025
3756,-28261.044299999998
3757,-4628.169600000016
3758,-10943.961759999973
3759,-7079.710339999997
3760,-12198.764070000021
3761,-13785.66012000001
3762,-8363.656799999992
3763,-13309.788400000025
3764,-7974.0338200000015
3765,-3585.5987499999987
3766,-1480.8835199999999
3767,-8750.40965999996
3768,-5254.37137000002
3769,-21235.14181000004
3770,-6495.706320000014
3771,-5798.30374000003
3772,-8994.644159999996
3773,-13148.459449999993
3774,-4345.268900000002
3775,-5014.266090000015
3776,-17028.65997
3777,-5212.3827100000035
3778,-7696.696899999982
3779,-7590.4611300000115
3780,-16416.096830000017
3781,-4774.889269999997
3782,-5406.728410000005
3783,-7230.230260000009
3784,-2346.2635400000013
3785,210.55700000000004
3786,-10859.234800000002
3787,-11788.418199999986
3788,-4611.036850000007
3789,-9728.654339999992
3790,-10022.866440000009
3791,-35773.66020999998
3792,-5073.417500000004
3793,-15338.66953000005
3794,-1449.9762200000037
3795,-2522.1652199999926
3796,-4337.34145000002
3797,-17738.257750000022
3798,-5257.546920000002
3799,-19150.615140000034
3800,-15219.367729999985
3801,-3336.827290000003
3802,-16563.283780000053
3803,-12348.357559999984
3804,-14592.84381999998
3805,-29513.278720000057
3806,-3725.1038800000006
3807,-1274.2864400000024
3808,-11103.009050000002
3809,-1309.5137000000032
3810,-30835.374180000057
3811,-5913.612900000006
3812,-3932.1684599999985
3813,-14361.236559999985
3814,-34365.72252000001
3815,-7.719220000000076
3816,-7559.747899999994
3817,-3909.6479700000036
3818,-5127.96991999999
